2026-08-07 09:47:40,054 INFO 127.0.0.1 "GET /health HTTP/1.1" 200 -
2026-08-07 09:48:55,037 INFO 127.0.0.1 "POST /api/integracoes/raffinato/parear HTTP/1.1" 200 -
2026-08-07 09:49:11,625 INFO 127.0.0.1 "POST /api/integracoes/raffinato/parear HTTP/1.1" 200 -
2026-08-07 09:49:27,050 INFO Sincronizacao externa concluida para loja f3ff028b-94fd-4736-859c-5ad4023504d5
2026-08-07 09:50:27,621 INFO Sincronizacao externa concluida para loja f3ff028b-94fd-4736-859c-5ad4023504d5
2026-08-07 09:51:28,133 INFO Sincronizacao externa concluida para loja f3ff028b-94fd-4736-859c-5ad4023504d5
2026-08-07 09:52:28,624 INFO Sincronizacao externa concluida para loja f3ff028b-94fd-4736-859c-5ad4023504d5
2026-08-07 09:53:29,036 INFO Sincronizacao externa concluida para loja f3ff028b-94fd-4736-859c-5ad4023504d5
2026-08-07 09:54:29,586 INFO Sincronizacao externa concluida para loja f3ff028b-94fd-4736-859c-5ad4023504d5
2026-08-07 09:55:30,016 INFO Sincronizacao externa concluida para loja f3ff028b-94fd-4736-859c-5ad4023504d5
2026-08-07 09:56:30,524 INFO Sincronizacao externa concluida para loja f3ff028b-94fd-4736-859c-5ad4023504d5
2026-08-07 09:57:00,376 INFO 127.0.0.1 "OPTIONS /api/integracoes/raffinato/testar HTTP/1.1" 204 -
2026-08-07 09:57:00,456 INFO 127.0.0.1 "POST /api/integracoes/raffinato/testar HTTP/1.1" 200 -
2026-08-07 09:57:01,576 INFO 127.0.0.1 "OPTIONS /api/integracoes/raffinato/salvar HTTP/1.1" 204 -
2026-08-07 09:57:01,615 INFO 127.0.0.1 "POST /api/integracoes/raffinato/salvar HTTP/1.1" 200 -
2026-08-07 09:57:01,718 INFO 127.0.0.1 "OPTIONS /api/integracoes/raffinato/parear HTTP/1.1" 204 -
2026-08-07 09:57:01,722 INFO 127.0.0.1 "POST /api/integracoes/raffinato/parear HTTP/1.1" 200 -
2026-08-07 09:57:31,048 INFO Sincronizacao externa concluida para loja f3ff028b-94fd-4736-859c-5ad4023504d5
2026-08-07 09:57:36,655 INFO Sincronizacao externa concluida para loja f524fb7d-ce38-4661-b417-a8f425c3b850
2026-08-07 09:58:37,089 INFO Sincronizacao externa concluida para loja f3ff028b-94fd-4736-859c-5ad4023504d5
2026-08-07 09:58:37,511 INFO Sincronizacao externa concluida para loja f524fb7d-ce38-4661-b417-a8f425c3b850
2026-08-07 09:59:37,980 INFO Sincronizacao externa concluida para loja f3ff028b-94fd-4736-859c-5ad4023504d5
2026-08-07 09:59:38,410 INFO Sincronizacao externa concluida para loja f524fb7d-ce38-4661-b417-a8f425c3b850
2026-08-07 10:00:39,117 INFO Sincronizacao externa concluida para loja f3ff028b-94fd-4736-859c-5ad4023504d5
2026-08-07 10:00:39,755 INFO Sincronizacao externa concluida para loja f524fb7d-ce38-4661-b417-a8f425c3b850
2026-08-07 10:01:40,316 INFO Sincronizacao externa concluida para loja f3ff028b-94fd-4736-859c-5ad4023504d5
2026-08-07 10:01:40,764 INFO Sincronizacao externa concluida para loja f524fb7d-ce38-4661-b417-a8f425c3b850
2026-08-07 10:02:41,420 INFO Sincronizacao externa concluida para loja f3ff028b-94fd-4736-859c-5ad4023504d5
2026-08-07 10:02:41,903 INFO Sincronizacao externa concluida para loja f524fb7d-ce38-4661-b417-a8f425c3b850
2026-08-07 10:03:42,440 INFO Sincronizacao externa concluida para loja f3ff028b-94fd-4736-859c-5ad4023504d5
2026-08-07 10:03:42,856 INFO Sincronizacao externa concluida para loja f524fb7d-ce38-4661-b417-a8f425c3b850
2026-08-07 10:04:43,440 INFO Sincronizacao externa concluida para loja f3ff028b-94fd-4736-859c-5ad4023504d5
2026-08-07 10:04:43,924 INFO Sincronizacao externa concluida para loja f524fb7d-ce38-4661-b417-a8f425c3b850
2026-08-07 10:05:44,543 INFO Sincronizacao externa concluida para loja f3ff028b-94fd-4736-859c-5ad4023504d5
2026-08-07 10:05:45,023 INFO Sincronizacao externa concluida para loja f524fb7d-ce38-4661-b417-a8f425c3b850
2026-08-07 10:06:45,589 INFO Sincronizacao externa concluida para loja f3ff028b-94fd-4736-859c-5ad4023504d5
2026-08-07 10:06:46,056 INFO Sincronizacao externa concluida para loja f524fb7d-ce38-4661-b417-a8f425c3b850
2026-08-07 10:07:46,666 INFO Sincronizacao externa concluida para loja f3ff028b-94fd-4736-859c-5ad4023504d5
2026-08-07 10:07:47,176 INFO Sincronizacao externa concluida para loja f524fb7d-ce38-4661-b417-a8f425c3b850
2026-08-07 10:08:47,779 INFO Sincronizacao externa concluida para loja f3ff028b-94fd-4736-859c-5ad4023504d5
2026-08-07 10:08:48,215 INFO Sincronizacao externa concluida para loja f524fb7d-ce38-4661-b417-a8f425c3b850
2026-08-07 10:09:48,674 INFO Sincronizacao externa concluida para loja f3ff028b-94fd-4736-859c-5ad4023504d5
2026-08-07 10:09:49,114 INFO Sincronizacao externa concluida para loja f524fb7d-ce38-4661-b417-a8f425c3b850
2026-08-07 10:10:49,613 INFO Sincronizacao externa concluida para loja f3ff028b-94fd-4736-859c-5ad4023504d5
2026-08-07 10:10:50,053 INFO Sincronizacao externa concluida para loja f524fb7d-ce38-4661-b417-a8f425c3b850
2026-08-07 10:11:50,565 INFO Sincronizacao externa concluida para loja f3ff028b-94fd-4736-859c-5ad4023504d5
2026-08-07 10:11:51,079 INFO Sincronizacao externa concluida para loja f524fb7d-ce38-4661-b417-a8f425c3b850
2026-08-07 10:12:51,916 INFO Sincronizacao externa concluida para loja f3ff028b-94fd-4736-859c-5ad4023504d5
2026-08-07 10:12:52,407 INFO Sincronizacao externa concluida para loja f524fb7d-ce38-4661-b417-a8f425c3b850
2026-08-07 10:13:52,943 INFO Sincronizacao externa concluida para loja f3ff028b-94fd-4736-859c-5ad4023504d5
2026-08-07 10:13:53,342 INFO Sincronizacao externa concluida para loja f524fb7d-ce38-4661-b417-a8f425c3b850
2026-08-07 10:14:53,967 INFO Sincronizacao externa concluida para loja f3ff028b-94fd-4736-859c-5ad4023504d5
2026-08-07 10:14:54,439 INFO Sincronizacao externa concluida para loja f524fb7d-ce38-4661-b417-a8f425c3b850
2026-08-07 10:15:54,909 INFO Sincronizacao externa concluida para loja f3ff028b-94fd-4736-859c-5ad4023504d5
2026-08-07 10:15:55,351 INFO Sincronizacao externa concluida para loja f524fb7d-ce38-4661-b417-a8f425c3b850
2026-08-07 10:16:55,859 INFO Sincronizacao externa concluida para loja f3ff028b-94fd-4736-859c-5ad4023504d5
2026-08-07 10:16:56,294 INFO Sincronizacao externa concluida para loja f524fb7d-ce38-4661-b417-a8f425c3b850
2026-08-07 10:17:56,962 INFO Sincronizacao externa concluida para loja f3ff028b-94fd-4736-859c-5ad4023504d5
2026-08-07 10:17:57,348 INFO Sincronizacao externa concluida para loja f524fb7d-ce38-4661-b417-a8f425c3b850
2026-08-07 10:18:57,848 INFO Sincronizacao externa concluida para loja f3ff028b-94fd-4736-859c-5ad4023504d5
2026-08-07 10:18:58,238 INFO Sincronizacao externa concluida para loja f524fb7d-ce38-4661-b417-a8f425c3b850
2026-08-07 10:19:58,691 INFO Sincronizacao externa concluida para loja f3ff028b-94fd-4736-859c-5ad4023504d5
2026-08-07 10:19:59,129 INFO Sincronizacao externa concluida para loja f524fb7d-ce38-4661-b417-a8f425c3b850
2026-08-07 10:20:59,674 INFO Sincronizacao externa concluida para loja f3ff028b-94fd-4736-859c-5ad4023504d5
2026-08-07 10:21:00,137 INFO Sincronizacao externa concluida para loja f524fb7d-ce38-4661-b417-a8f425c3b850
2026-08-07 10:22:00,594 INFO Sincronizacao externa concluida para loja f3ff028b-94fd-4736-859c-5ad4023504d5
2026-08-07 10:22:01,117 INFO Sincronizacao externa concluida para loja f524fb7d-ce38-4661-b417-a8f425c3b850
2026-08-07 10:23:01,793 INFO Sincronizacao externa concluida para loja f3ff028b-94fd-4736-859c-5ad4023504d5
2026-08-07 10:23:02,421 INFO Sincronizacao externa concluida para loja f524fb7d-ce38-4661-b417-a8f425c3b850
2026-08-07 10:24:03,129 INFO Sincronizacao externa concluida para loja f3ff028b-94fd-4736-859c-5ad4023504d5
2026-08-07 10:24:03,688 INFO Sincronizacao externa concluida para loja f524fb7d-ce38-4661-b417-a8f425c3b850
2026-08-07 10:25:04,221 INFO Sincronizacao externa concluida para loja f3ff028b-94fd-4736-859c-5ad4023504d5
2026-08-07 10:25:04,707 INFO Sincronizacao externa concluida para loja f524fb7d-ce38-4661-b417-a8f425c3b850
2026-08-07 10:26:05,207 INFO Sincronizacao externa concluida para loja f3ff028b-94fd-4736-859c-5ad4023504d5
2026-08-07 10:26:05,730 INFO Sincronizacao externa concluida para loja f524fb7d-ce38-4661-b417-a8f425c3b850
2026-08-07 10:27:06,194 INFO Sincronizacao externa concluida para loja f3ff028b-94fd-4736-859c-5ad4023504d5
2026-08-07 10:27:06,663 INFO Sincronizacao externa concluida para loja f524fb7d-ce38-4661-b417-a8f425c3b850
2026-08-07 10:28:07,410 INFO Sincronizacao externa concluida para loja f3ff028b-94fd-4736-859c-5ad4023504d5
2026-08-07 10:28:07,896 INFO Sincronizacao externa concluida para loja f524fb7d-ce38-4661-b417-a8f425c3b850
2026-08-07 10:29:08,373 INFO Sincronizacao externa concluida para loja f3ff028b-94fd-4736-859c-5ad4023504d5
2026-08-07 10:29:08,813 INFO Sincronizacao externa concluida para loja f524fb7d-ce38-4661-b417-a8f425c3b850
2026-08-07 10:30:09,262 INFO Sincronizacao externa concluida para loja f3ff028b-94fd-4736-859c-5ad4023504d5
2026-08-07 10:30:09,712 INFO Sincronizacao externa concluida para loja f524fb7d-ce38-4661-b417-a8f425c3b850
2026-08-07 10:31:10,253 INFO Sincronizacao externa concluida para loja f3ff028b-94fd-4736-859c-5ad4023504d5
2026-08-07 10:31:10,682 INFO Sincronizacao externa concluida para loja f524fb7d-ce38-4661-b417-a8f425c3b850
2026-08-07 10:32:11,317 INFO Sincronizacao externa concluida para loja f3ff028b-94fd-4736-859c-5ad4023504d5
2026-08-07 10:32:11,909 INFO Sincronizacao externa concluida para loja f524fb7d-ce38-4661-b417-a8f425c3b850
2026-08-07 10:33:12,685 INFO Sincronizacao externa concluida para loja f3ff028b-94fd-4736-859c-5ad4023504d5
2026-08-07 10:33:13,121 INFO Sincronizacao externa concluida para loja f524fb7d-ce38-4661-b417-a8f425c3b850
2026-08-07 10:34:13,699 INFO Sincronizacao externa concluida para loja f3ff028b-94fd-4736-859c-5ad4023504d5
2026-08-07 10:34:14,132 INFO Sincronizacao externa concluida para loja f524fb7d-ce38-4661-b417-a8f425c3b850
2026-08-07 10:35:14,690 INFO Sincronizacao externa concluida para loja f3ff028b-94fd-4736-859c-5ad4023504d5
2026-08-07 10:35:15,154 INFO Sincronizacao externa concluida para loja f524fb7d-ce38-4661-b417-a8f425c3b850
2026-08-07 10:36:15,640 INFO Sincronizacao externa concluida para loja f3ff028b-94fd-4736-859c-5ad4023504d5
2026-08-07 10:36:16,119 INFO Sincronizacao externa concluida para loja f524fb7d-ce38-4661-b417-a8f425c3b850
2026-08-07 10:37:16,662 INFO Sincronizacao externa concluida para loja f3ff028b-94fd-4736-859c-5ad4023504d5
2026-08-07 10:37:17,129 INFO Sincronizacao externa concluida para loja f524fb7d-ce38-4661-b417-a8f425c3b850
2026-08-07 10:38:17,737 INFO Sincronizacao externa concluida para loja f3ff028b-94fd-4736-859c-5ad4023504d5
2026-08-07 10:38:18,176 INFO Sincronizacao externa concluida para loja f524fb7d-ce38-4661-b417-a8f425c3b850
2026-08-07 10:39:18,658 INFO Sincronizacao externa concluida para loja f3ff028b-94fd-4736-859c-5ad4023504d5
2026-08-07 10:39:19,080 INFO Sincronizacao externa concluida para loja f524fb7d-ce38-4661-b417-a8f425c3b850
2026-08-07 10:40:19,581 INFO Sincronizacao externa concluida para loja f3ff028b-94fd-4736-859c-5ad4023504d5
2026-08-07 10:40:20,049 INFO Sincronizacao externa concluida para loja f524fb7d-ce38-4661-b417-a8f425c3b850
2026-08-07 10:41:20,640 INFO Sincronizacao externa concluida para loja f3ff028b-94fd-4736-859c-5ad4023504d5
2026-08-07 10:41:21,068 INFO Sincronizacao externa concluida para loja f524fb7d-ce38-4661-b417-a8f425c3b850
2026-08-07 10:42:21,553 INFO Sincronizacao externa concluida para loja f3ff028b-94fd-4736-859c-5ad4023504d5
2026-08-07 10:42:21,991 INFO Sincronizacao externa concluida para loja f524fb7d-ce38-4661-b417-a8f425c3b850
2026-08-07 10:43:22,717 INFO Sincronizacao externa concluida para loja f3ff028b-94fd-4736-859c-5ad4023504d5
2026-08-07 10:43:23,178 INFO Sincronizacao externa concluida para loja f524fb7d-ce38-4661-b417-a8f425c3b850
2026-08-07 10:44:23,673 INFO Sincronizacao externa concluida para loja f3ff028b-94fd-4736-859c-5ad4023504d5
2026-08-07 10:44:24,108 INFO Sincronizacao externa concluida para loja f524fb7d-ce38-4661-b417-a8f425c3b850
2026-08-07 10:45:24,572 INFO Sincronizacao externa concluida para loja f3ff028b-94fd-4736-859c-5ad4023504d5
2026-08-07 10:45:25,011 INFO Sincronizacao externa concluida para loja f524fb7d-ce38-4661-b417-a8f425c3b850
2026-08-07 10:46:25,527 INFO Sincronizacao externa concluida para loja f3ff028b-94fd-4736-859c-5ad4023504d5
2026-08-07 10:46:26,150 INFO Sincronizacao externa concluida para loja f524fb7d-ce38-4661-b417-a8f425c3b850
2026-08-07 10:47:26,594 INFO Sincronizacao externa concluida para loja f3ff028b-94fd-4736-859c-5ad4023504d5
2026-08-07 10:47:27,096 INFO Sincronizacao externa concluida para loja f524fb7d-ce38-4661-b417-a8f425c3b850
2026-08-07 10:48:27,722 INFO Sincronizacao externa concluida para loja f3ff028b-94fd-4736-859c-5ad4023504d5
2026-08-07 10:48:28,135 INFO Sincronizacao externa concluida para loja f524fb7d-ce38-4661-b417-a8f425c3b850
2026-08-07 10:49:28,584 INFO Sincronizacao externa concluida para loja f3ff028b-94fd-4736-859c-5ad4023504d5
2026-08-07 10:49:29,034 INFO Sincronizacao externa concluida para loja f524fb7d-ce38-4661-b417-a8f425c3b850
2026-08-07 10:50:29,594 INFO Sincronizacao externa concluida para loja f3ff028b-94fd-4736-859c-5ad4023504d5
2026-08-07 10:50:30,064 INFO Sincronizacao externa concluida para loja f524fb7d-ce38-4661-b417-a8f425c3b850
2026-08-07 10:51:30,611 INFO Sincronizacao externa concluida para loja f3ff028b-94fd-4736-859c-5ad4023504d5
2026-08-07 10:51:31,034 INFO Sincronizacao externa concluida para loja f524fb7d-ce38-4661-b417-a8f425c3b850
2026-08-07 10:52:31,600 INFO Sincronizacao externa concluida para loja f3ff028b-94fd-4736-859c-5ad4023504d5
2026-08-07 10:52:32,044 INFO Sincronizacao externa concluida para loja f524fb7d-ce38-4661-b417-a8f425c3b850
2026-08-07 10:53:32,726 INFO Sincronizacao externa concluida para loja f3ff028b-94fd-4736-859c-5ad4023504d5
2026-08-07 10:53:33,162 INFO Sincronizacao externa concluida para loja f524fb7d-ce38-4661-b417-a8f425c3b850
2026-08-07 10:54:33,654 INFO Sincronizacao externa concluida para loja f3ff028b-94fd-4736-859c-5ad4023504d5
2026-08-07 10:54:34,075 INFO Sincronizacao externa concluida para loja f524fb7d-ce38-4661-b417-a8f425c3b850
2026-08-07 10:55:34,577 INFO Sincronizacao externa concluida para loja f3ff028b-94fd-4736-859c-5ad4023504d5
2026-08-07 10:55:35,069 INFO Sincronizacao externa concluida para loja f524fb7d-ce38-4661-b417-a8f425c3b850
2026-08-07 10:56:35,522 INFO Sincronizacao externa concluida para loja f3ff028b-94fd-4736-859c-5ad4023504d5
2026-08-07 10:56:35,912 INFO Sincronizacao externa concluida para loja f524fb7d-ce38-4661-b417-a8f425c3b850
2026-08-07 10:57:36,357 INFO Sincronizacao externa concluida para loja f3ff028b-94fd-4736-859c-5ad4023504d5
2026-08-07 10:57:36,765 INFO Sincronizacao externa concluida para loja f524fb7d-ce38-4661-b417-a8f425c3b850
2026-08-07 10:58:37,465 INFO Sincronizacao externa concluida para loja f3ff028b-94fd-4736-859c-5ad4023504d5
2026-08-07 10:58:37,899 INFO Sincronizacao externa concluida para loja f524fb7d-ce38-4661-b417-a8f425c3b850
2026-08-07 10:59:38,342 INFO Sincronizacao externa concluida para loja f3ff028b-94fd-4736-859c-5ad4023504d5
2026-08-07 10:59:38,806 INFO Sincronizacao externa concluida para loja f524fb7d-ce38-4661-b417-a8f425c3b850
2026-08-07 11:00:39,327 INFO Sincronizacao externa concluida para loja f3ff028b-94fd-4736-859c-5ad4023504d5
2026-08-07 11:00:39,798 INFO Sincronizacao externa concluida para loja f524fb7d-ce38-4661-b417-a8f425c3b850
2026-08-07 11:01:40,235 INFO Sincronizacao externa concluida para loja f3ff028b-94fd-4736-859c-5ad4023504d5
2026-08-07 11:01:40,675 INFO Sincronizacao externa concluida para loja f524fb7d-ce38-4661-b417-a8f425c3b850
2026-08-07 11:02:41,203 INFO Sincronizacao externa concluida para loja f3ff028b-94fd-4736-859c-5ad4023504d5
2026-08-07 11:02:41,661 INFO Sincronizacao externa concluida para loja f524fb7d-ce38-4661-b417-a8f425c3b850
2026-08-07 11:03:42,318 INFO Sincronizacao externa concluida para loja f3ff028b-94fd-4736-859c-5ad4023504d5
2026-08-07 11:03:42,731 INFO Sincronizacao externa concluida para loja f524fb7d-ce38-4661-b417-a8f425c3b850
2026-08-07 11:04:43,251 INFO Sincronizacao externa concluida para loja f3ff028b-94fd-4736-859c-5ad4023504d5
2026-08-07 11:04:43,899 INFO Sincronizacao externa concluida para loja f524fb7d-ce38-4661-b417-a8f425c3b850
2026-08-07 11:05:44,433 INFO Sincronizacao externa concluida para loja f3ff028b-94fd-4736-859c-5ad4023504d5
2026-08-07 11:05:44,932 INFO Sincronizacao externa concluida para loja f524fb7d-ce38-4661-b417-a8f425c3b850
2026-08-07 11:06:45,534 INFO Sincronizacao externa concluida para loja f3ff028b-94fd-4736-859c-5ad4023504d5
2026-08-07 11:06:45,969 INFO Sincronizacao externa concluida para loja f524fb7d-ce38-4661-b417-a8f425c3b850
2026-08-07 11:07:46,390 INFO Sincronizacao externa concluida para loja f3ff028b-94fd-4736-859c-5ad4023504d5
2026-08-07 11:07:46,843 INFO Sincronizacao externa concluida para loja f524fb7d-ce38-4661-b417-a8f425c3b850
2026-08-07 11:08:47,551 INFO Sincronizacao externa concluida para loja f3ff028b-94fd-4736-859c-5ad4023504d5
2026-08-07 11:08:47,975 INFO Sincronizacao externa concluida para loja f524fb7d-ce38-4661-b417-a8f425c3b850
2026-08-07 11:09:48,395 INFO Sincronizacao externa concluida para loja f3ff028b-94fd-4736-859c-5ad4023504d5
2026-08-07 11:09:48,781 INFO Sincronizacao externa concluida para loja f524fb7d-ce38-4661-b417-a8f425c3b850
2026-08-07 11:10:49,395 INFO Sincronizacao externa concluida para loja f3ff028b-94fd-4736-859c-5ad4023504d5
2026-08-07 11:10:49,842 INFO Sincronizacao externa concluida para loja f524fb7d-ce38-4661-b417-a8f425c3b850
2026-08-07 11:11:51,030 INFO Sincronizacao externa concluida para loja f3ff028b-94fd-4736-859c-5ad4023504d5
2026-08-07 11:11:51,544 INFO Sincronizacao externa concluida para loja f524fb7d-ce38-4661-b417-a8f425c3b850
2026-08-07 11:12:52,108 INFO Sincronizacao externa concluida para loja f3ff028b-94fd-4736-859c-5ad4023504d5
2026-08-07 11:12:52,572 INFO Sincronizacao externa concluida para loja f524fb7d-ce38-4661-b417-a8f425c3b850
2026-08-07 11:13:53,196 INFO Sincronizacao externa concluida para loja f3ff028b-94fd-4736-859c-5ad4023504d5
2026-08-07 11:13:53,634 INFO Sincronizacao externa concluida para loja f524fb7d-ce38-4661-b417-a8f425c3b850
2026-08-07 11:14:54,406 INFO Sincronizacao externa concluida para loja f3ff028b-94fd-4736-859c-5ad4023504d5
2026-08-07 11:14:54,866 INFO Sincronizacao externa concluida para loja f524fb7d-ce38-4661-b417-a8f425c3b850
2026-08-07 11:15:55,319 INFO Sincronizacao externa concluida para loja f3ff028b-94fd-4736-859c-5ad4023504d5
2026-08-07 11:15:55,692 INFO Sincronizacao externa concluida para loja f524fb7d-ce38-4661-b417-a8f425c3b850
2026-08-07 11:16:56,187 INFO Sincronizacao externa concluida para loja f3ff028b-94fd-4736-859c-5ad4023504d5
2026-08-07 11:16:56,616 INFO Sincronizacao externa concluida para loja f524fb7d-ce38-4661-b417-a8f425c3b850
2026-08-07 11:17:57,150 INFO Sincronizacao externa concluida para loja f3ff028b-94fd-4736-859c-5ad4023504d5
2026-08-07 11:17:57,651 INFO Sincronizacao externa concluida para loja f524fb7d-ce38-4661-b417-a8f425c3b850
2026-08-07 11:18:58,377 INFO Sincronizacao externa concluida para loja f3ff028b-94fd-4736-859c-5ad4023504d5
2026-08-07 11:18:58,815 INFO Sincronizacao externa concluida para loja f524fb7d-ce38-4661-b417-a8f425c3b850
2026-08-07 11:19:59,296 INFO Sincronizacao externa concluida para loja f3ff028b-94fd-4736-859c-5ad4023504d5
2026-08-07 11:19:59,752 INFO Sincronizacao externa concluida para loja f524fb7d-ce38-4661-b417-a8f425c3b850
2026-08-07 11:21:00,230 INFO Sincronizacao externa concluida para loja f3ff028b-94fd-4736-859c-5ad4023504d5
2026-08-07 11:21:00,690 INFO Sincronizacao externa concluida para loja f524fb7d-ce38-4661-b417-a8f425c3b850
2026-08-07 11:22:01,483 INFO Sincronizacao externa concluida para loja f3ff028b-94fd-4736-859c-5ad4023504d5
2026-08-07 11:22:01,940 INFO Sincronizacao externa concluida para loja f524fb7d-ce38-4661-b417-a8f425c3b850
2026-08-07 11:23:02,499 INFO Sincronizacao externa concluida para loja f3ff028b-94fd-4736-859c-5ad4023504d5
2026-08-07 11:23:02,892 INFO Sincronizacao externa concluida para loja f524fb7d-ce38-4661-b417-a8f425c3b850
2026-08-07 11:24:03,535 INFO Sincronizacao externa concluida para loja f3ff028b-94fd-4736-859c-5ad4023504d5
2026-08-07 11:24:03,995 INFO Sincronizacao externa concluida para loja f524fb7d-ce38-4661-b417-a8f425c3b850
2026-08-07 11:25:04,552 INFO Sincronizacao externa concluida para loja f3ff028b-94fd-4736-859c-5ad4023504d5
2026-08-07 11:25:04,951 INFO Sincronizacao externa concluida para loja f524fb7d-ce38-4661-b417-a8f425c3b850
2026-08-07 11:26:05,381 INFO Sincronizacao externa concluida para loja f3ff028b-94fd-4736-859c-5ad4023504d5
2026-08-07 11:26:05,756 INFO Sincronizacao externa concluida para loja f524fb7d-ce38-4661-b417-a8f425c3b850
2026-08-07 11:27:06,392 INFO Sincronizacao externa concluida para loja f3ff028b-94fd-4736-859c-5ad4023504d5
2026-08-07 11:27:06,882 INFO Sincronizacao externa concluida para loja f524fb7d-ce38-4661-b417-a8f425c3b850
2026-08-07 11:28:07,372 INFO Sincronizacao externa concluida para loja f3ff028b-94fd-4736-859c-5ad4023504d5
2026-08-07 11:28:07,844 INFO Sincronizacao externa concluida para loja f524fb7d-ce38-4661-b417-a8f425c3b850
2026-08-07 11:29:08,598 INFO Sincronizacao externa concluida para loja f3ff028b-94fd-4736-859c-5ad4023504d5
2026-08-07 11:29:08,996 INFO Sincronizacao externa concluida para loja f524fb7d-ce38-4661-b417-a8f425c3b850
2026-08-07 11:30:09,480 INFO Sincronizacao externa concluida para loja f3ff028b-94fd-4736-859c-5ad4023504d5
2026-08-07 11:30:09,950 INFO Sincronizacao externa concluida para loja f524fb7d-ce38-4661-b417-a8f425c3b850
2026-08-07 11:31:10,459 INFO Sincronizacao externa concluida para loja f3ff028b-94fd-4736-859c-5ad4023504d5
2026-08-07 11:31:10,956 INFO Sincronizacao externa concluida para loja f524fb7d-ce38-4661-b417-a8f425c3b850
2026-08-07 11:32:11,441 INFO Sincronizacao externa concluida para loja f3ff028b-94fd-4736-859c-5ad4023504d5
2026-08-07 11:32:11,890 INFO Sincronizacao externa concluida para loja f524fb7d-ce38-4661-b417-a8f425c3b850
2026-08-07 11:33:12,460 INFO Sincronizacao externa concluida para loja f3ff028b-94fd-4736-859c-5ad4023504d5
2026-08-07 11:33:12,993 INFO Sincronizacao externa concluida para loja f524fb7d-ce38-4661-b417-a8f425c3b850
2026-08-07 11:34:13,621 INFO Sincronizacao externa concluida para loja f3ff028b-94fd-4736-859c-5ad4023504d5
2026-08-07 11:34:14,020 INFO Sincronizacao externa concluida para loja f524fb7d-ce38-4661-b417-a8f425c3b850
2026-08-07 11:35:14,572 INFO Sincronizacao externa concluida para loja f3ff028b-94fd-4736-859c-5ad4023504d5
2026-08-07 11:35:14,989 INFO Sincronizacao externa concluida para loja f524fb7d-ce38-4661-b417-a8f425c3b850
2026-08-07 11:36:15,482 INFO Sincronizacao externa concluida para loja f3ff028b-94fd-4736-859c-5ad4023504d5
2026-08-07 11:36:15,917 INFO Sincronizacao externa concluida para loja f524fb7d-ce38-4661-b417-a8f425c3b850
2026-08-07 11:37:16,412 INFO Sincronizacao externa concluida para loja f3ff028b-94fd-4736-859c-5ad4023504d5
2026-08-07 11:37:16,944 INFO Sincronizacao externa concluida para loja f524fb7d-ce38-4661-b417-a8f425c3b850
2026-08-07 11:38:17,356 INFO Sincronizacao externa concluida para loja f3ff028b-94fd-4736-859c-5ad4023504d5
2026-08-07 11:38:17,738 INFO Sincronizacao externa concluida para loja f524fb7d-ce38-4661-b417-a8f425c3b850
2026-08-07 11:39:18,425 INFO Sincronizacao externa concluida para loja f3ff028b-94fd-4736-859c-5ad4023504d5
2026-08-07 11:39:18,860 INFO Sincronizacao externa concluida para loja f524fb7d-ce38-4661-b417-a8f425c3b850
2026-08-07 11:40:19,314 INFO Sincronizacao externa concluida para loja f3ff028b-94fd-4736-859c-5ad4023504d5
2026-08-07 11:40:19,750 INFO Sincronizacao externa concluida para loja f524fb7d-ce38-4661-b417-a8f425c3b850
2026-08-07 11:41:20,224 INFO Sincronizacao externa concluida para loja f3ff028b-94fd-4736-859c-5ad4023504d5
2026-08-07 11:41:20,634 INFO Sincronizacao externa concluida para loja f524fb7d-ce38-4661-b417-a8f425c3b850
2026-08-07 11:42:21,173 INFO Sincronizacao externa concluida para loja f3ff028b-94fd-4736-859c-5ad4023504d5
2026-08-07 11:42:21,699 INFO Sincronizacao externa concluida para loja f524fb7d-ce38-4661-b417-a8f425c3b850
2026-08-07 11:43:22,259 INFO Sincronizacao externa concluida para loja f3ff028b-94fd-4736-859c-5ad4023504d5
2026-08-07 11:43:22,681 INFO Sincronizacao externa concluida para loja f524fb7d-ce38-4661-b417-a8f425c3b850
2026-08-07 11:44:23,338 INFO Sincronizacao externa concluida para loja f3ff028b-94fd-4736-859c-5ad4023504d5
2026-08-07 11:44:23,808 INFO Sincronizacao externa concluida para loja f524fb7d-ce38-4661-b417-a8f425c3b850
2026-08-07 11:45:24,366 INFO Sincronizacao externa concluida para loja f3ff028b-94fd-4736-859c-5ad4023504d5
2026-08-07 11:45:24,848 INFO Sincronizacao externa concluida para loja f524fb7d-ce38-4661-b417-a8f425c3b850
2026-08-07 11:46:25,312 INFO Sincronizacao externa concluida para loja f3ff028b-94fd-4736-859c-5ad4023504d5
2026-08-07 11:46:25,700 INFO Sincronizacao externa concluida para loja f524fb7d-ce38-4661-b417-a8f425c3b850
2026-08-07 11:47:26,221 INFO Sincronizacao externa concluida para loja f3ff028b-94fd-4736-859c-5ad4023504d5
2026-08-07 11:47:26,619 INFO Sincronizacao externa concluida para loja f524fb7d-ce38-4661-b417-a8f425c3b850
2026-08-07 11:48:27,062 INFO Sincronizacao externa concluida para loja f3ff028b-94fd-4736-859c-5ad4023504d5
2026-08-07 11:48:27,438 INFO Sincronizacao externa concluida para loja f524fb7d-ce38-4661-b417-a8f425c3b850
2026-08-07 11:49:28,200 INFO Sincronizacao externa concluida para loja f3ff028b-94fd-4736-859c-5ad4023504d5
2026-08-07 11:49:28,609 INFO Sincronizacao externa concluida para loja f524fb7d-ce38-4661-b417-a8f425c3b850
2026-08-07 11:50:29,110 INFO Sincronizacao externa concluida para loja f3ff028b-94fd-4736-859c-5ad4023504d5
2026-08-07 11:50:29,523 INFO Sincronizacao externa concluida para loja f524fb7d-ce38-4661-b417-a8f425c3b850
2026-08-07 11:51:30,025 INFO Sincronizacao externa concluida para loja f3ff028b-94fd-4736-859c-5ad4023504d5
2026-08-07 11:51:30,461 INFO Sincronizacao externa concluida para loja f524fb7d-ce38-4661-b417-a8f425c3b850
2026-08-07 11:52:31,086 INFO Sincronizacao externa concluida para loja f3ff028b-94fd-4736-859c-5ad4023504d5
2026-08-07 11:52:31,515 INFO Sincronizacao externa concluida para loja f524fb7d-ce38-4661-b417-a8f425c3b850
2026-08-07 11:53:32,152 INFO Sincronizacao externa concluida para loja f3ff028b-94fd-4736-859c-5ad4023504d5
2026-08-07 11:53:32,605 INFO Sincronizacao externa concluida para loja f524fb7d-ce38-4661-b417-a8f425c3b850
2026-08-07 11:54:33,380 INFO Sincronizacao externa concluida para loja f3ff028b-94fd-4736-859c-5ad4023504d5
2026-08-07 11:54:33,829 INFO Sincronizacao externa concluida para loja f524fb7d-ce38-4661-b417-a8f425c3b850
2026-08-07 11:55:34,291 INFO Sincronizacao externa concluida para loja f3ff028b-94fd-4736-859c-5ad4023504d5
2026-08-07 11:55:34,957 INFO Sincronizacao externa concluida para loja f524fb7d-ce38-4661-b417-a8f425c3b850
2026-08-07 11:56:35,486 INFO Sincronizacao externa concluida para loja f3ff028b-94fd-4736-859c-5ad4023504d5
2026-08-07 11:56:35,941 INFO Sincronizacao externa concluida para loja f524fb7d-ce38-4661-b417-a8f425c3b850
2026-08-07 11:57:36,371 INFO Sincronizacao externa concluida para loja f3ff028b-94fd-4736-859c-5ad4023504d5
2026-08-07 11:57:36,786 INFO Sincronizacao externa concluida para loja f524fb7d-ce38-4661-b417-a8f425c3b850
2026-08-07 11:58:37,246 INFO Sincronizacao externa concluida para loja f3ff028b-94fd-4736-859c-5ad4023504d5
2026-08-07 11:58:37,723 INFO Sincronizacao externa concluida para loja f524fb7d-ce38-4661-b417-a8f425c3b850
2026-08-07 11:59:38,435 INFO Sincronizacao externa concluida para loja f3ff028b-94fd-4736-859c-5ad4023504d5
2026-08-07 11:59:38,881 INFO Sincronizacao externa concluida para loja f524fb7d-ce38-4661-b417-a8f425c3b850
2026-08-07 12:00:39,415 INFO Sincronizacao externa concluida para loja f3ff028b-94fd-4736-859c-5ad4023504d5
2026-08-07 12:00:39,899 INFO Sincronizacao externa concluida para loja f524fb7d-ce38-4661-b417-a8f425c3b850
2026-08-07 12:01:40,401 INFO Sincronizacao externa concluida para loja f3ff028b-94fd-4736-859c-5ad4023504d5
2026-08-07 12:01:40,840 INFO Sincronizacao externa concluida para loja f524fb7d-ce38-4661-b417-a8f425c3b850
2026-08-07 12:02:41,355 INFO Sincronizacao externa concluida para loja f3ff028b-94fd-4736-859c-5ad4023504d5
2026-08-07 12:02:41,790 INFO Sincronizacao externa concluida para loja f524fb7d-ce38-4661-b417-a8f425c3b850
2026-08-07 12:03:42,261 INFO Sincronizacao externa concluida para loja f3ff028b-94fd-4736-859c-5ad4023504d5
2026-08-07 12:03:42,725 INFO Sincronizacao externa concluida para loja f524fb7d-ce38-4661-b417-a8f425c3b850
2026-08-07 12:04:43,426 INFO Sincronizacao externa concluida para loja f3ff028b-94fd-4736-859c-5ad4023504d5
2026-08-07 12:04:43,870 INFO Sincronizacao externa concluida para loja f524fb7d-ce38-4661-b417-a8f425c3b850
2026-08-07 12:05:44,529 INFO Sincronizacao externa concluida para loja f3ff028b-94fd-4736-859c-5ad4023504d5
2026-08-07 12:05:44,956 INFO Sincronizacao externa concluida para loja f524fb7d-ce38-4661-b417-a8f425c3b850
2026-08-07 12:06:45,518 INFO Sincronizacao externa concluida para loja f3ff028b-94fd-4736-859c-5ad4023504d5
2026-08-07 12:06:45,934 INFO Sincronizacao externa concluida para loja f524fb7d-ce38-4661-b417-a8f425c3b850
2026-08-07 12:07:46,548 INFO Sincronizacao externa concluida para loja f3ff028b-94fd-4736-859c-5ad4023504d5
2026-08-07 12:07:47,005 INFO Sincronizacao externa concluida para loja f524fb7d-ce38-4661-b417-a8f425c3b850
2026-08-07 12:08:47,533 INFO Sincronizacao externa concluida para loja f3ff028b-94fd-4736-859c-5ad4023504d5
2026-08-07 12:08:48,006 INFO Sincronizacao externa concluida para loja f524fb7d-ce38-4661-b417-a8f425c3b850
2026-08-07 12:09:48,658 INFO Sincronizacao externa concluida para loja f3ff028b-94fd-4736-859c-5ad4023504d5
2026-08-07 12:09:49,100 INFO Sincronizacao externa concluida para loja f524fb7d-ce38-4661-b417-a8f425c3b850
2026-08-07 12:10:49,572 INFO Sincronizacao externa concluida para loja f3ff028b-94fd-4736-859c-5ad4023504d5
2026-08-07 12:10:49,985 INFO Sincronizacao externa concluida para loja f524fb7d-ce38-4661-b417-a8f425c3b850
2026-08-07 12:11:50,593 INFO Sincronizacao externa concluida para loja f3ff028b-94fd-4736-859c-5ad4023504d5
2026-08-07 12:11:51,002 INFO Sincronizacao externa concluida para loja f524fb7d-ce38-4661-b417-a8f425c3b850
2026-08-07 12:12:51,585 INFO Sincronizacao externa concluida para loja f3ff028b-94fd-4736-859c-5ad4023504d5
2026-08-07 12:12:52,036 INFO Sincronizacao externa concluida para loja f524fb7d-ce38-4661-b417-a8f425c3b850
2026-08-07 12:13:52,477 INFO Sincronizacao externa concluida para loja f3ff028b-94fd-4736-859c-5ad4023504d5
2026-08-07 12:13:52,912 INFO Sincronizacao externa concluida para loja f524fb7d-ce38-4661-b417-a8f425c3b850
2026-08-07 12:14:53,684 INFO Sincronizacao externa concluida para loja f3ff028b-94fd-4736-859c-5ad4023504d5
2026-08-07 12:14:54,166 INFO Sincronizacao externa concluida para loja f524fb7d-ce38-4661-b417-a8f425c3b850
2026-08-07 12:15:54,669 INFO Sincronizacao externa concluida para loja f3ff028b-94fd-4736-859c-5ad4023504d5
2026-08-07 12:15:55,130 INFO Sincronizacao externa concluida para loja f524fb7d-ce38-4661-b417-a8f425c3b850
2026-08-07 12:16:55,616 INFO Sincronizacao externa concluida para loja f3ff028b-94fd-4736-859c-5ad4023504d5
2026-08-07 12:16:56,060 INFO Sincronizacao externa concluida para loja f524fb7d-ce38-4661-b417-a8f425c3b850
2026-08-07 12:17:56,478 INFO Sincronizacao externa concluida para loja f3ff028b-94fd-4736-859c-5ad4023504d5
2026-08-07 12:17:56,932 INFO Sincronizacao externa concluida para loja f524fb7d-ce38-4661-b417-a8f425c3b850
2026-08-07 12:18:57,528 INFO Sincronizacao externa concluida para loja f3ff028b-94fd-4736-859c-5ad4023504d5
2026-08-07 12:18:57,983 INFO Sincronizacao externa concluida para loja f524fb7d-ce38-4661-b417-a8f425c3b850
2026-08-07 12:19:58,608 INFO Sincronizacao externa concluida para loja f3ff028b-94fd-4736-859c-5ad4023504d5
2026-08-07 12:19:59,021 INFO Sincronizacao externa concluida para loja f524fb7d-ce38-4661-b417-a8f425c3b850
2026-08-07 12:20:59,612 INFO Sincronizacao externa concluida para loja f3ff028b-94fd-4736-859c-5ad4023504d5
2026-08-07 12:21:00,048 INFO Sincronizacao externa concluida para loja f524fb7d-ce38-4661-b417-a8f425c3b850
2026-08-07 12:22:00,531 INFO Sincronizacao externa concluida para loja f3ff028b-94fd-4736-859c-5ad4023504d5
2026-08-07 12:22:01,306 INFO Sincronizacao externa concluida para loja f524fb7d-ce38-4661-b417-a8f425c3b850
2026-08-07 12:23:01,828 INFO Sincronizacao externa concluida para loja f3ff028b-94fd-4736-859c-5ad4023504d5
2026-08-07 12:23:02,370 INFO Sincronizacao externa concluida para loja f524fb7d-ce38-4661-b417-a8f425c3b850
2026-08-07 12:24:02,860 INFO Sincronizacao externa concluida para loja f3ff028b-94fd-4736-859c-5ad4023504d5
2026-08-07 12:24:03,340 INFO Sincronizacao externa concluida para loja f524fb7d-ce38-4661-b417-a8f425c3b850
2026-08-07 12:25:04,111 INFO Sincronizacao externa concluida para loja f3ff028b-94fd-4736-859c-5ad4023504d5
2026-08-07 12:25:04,517 INFO Sincronizacao externa concluida para loja f524fb7d-ce38-4661-b417-a8f425c3b850
2026-08-07 12:26:04,951 INFO Sincronizacao externa concluida para loja f3ff028b-94fd-4736-859c-5ad4023504d5
2026-08-07 12:26:05,397 INFO Sincronizacao externa concluida para loja f524fb7d-ce38-4661-b417-a8f425c3b850
2026-08-07 12:27:05,825 INFO Sincronizacao externa concluida para loja f3ff028b-94fd-4736-859c-5ad4023504d5
2026-08-07 12:27:06,286 INFO Sincronizacao externa concluida para loja f524fb7d-ce38-4661-b417-a8f425c3b850
2026-08-07 12:28:06,717 INFO Sincronizacao externa concluida para loja f3ff028b-94fd-4736-859c-5ad4023504d5
2026-08-07 12:28:07,142 INFO Sincronizacao externa concluida para loja f524fb7d-ce38-4661-b417-a8f425c3b850
2026-08-07 12:29:07,705 INFO Sincronizacao externa concluida para loja f3ff028b-94fd-4736-859c-5ad4023504d5
2026-08-07 12:29:08,159 INFO Sincronizacao externa concluida para loja f524fb7d-ce38-4661-b417-a8f425c3b850
2026-08-07 12:30:08,800 INFO Sincronizacao externa concluida para loja f3ff028b-94fd-4736-859c-5ad4023504d5
2026-08-07 12:30:09,218 INFO Sincronizacao externa concluida para loja f524fb7d-ce38-4661-b417-a8f425c3b850
2026-08-07 12:31:09,781 INFO Sincronizacao externa concluida para loja f3ff028b-94fd-4736-859c-5ad4023504d5
2026-08-07 12:31:10,199 INFO Sincronizacao externa concluida para loja f524fb7d-ce38-4661-b417-a8f425c3b850
2026-08-07 12:32:10,684 INFO Sincronizacao externa concluida para loja f3ff028b-94fd-4736-859c-5ad4023504d5
2026-08-07 12:32:11,105 INFO Sincronizacao externa concluida para loja f524fb7d-ce38-4661-b417-a8f425c3b850
2026-08-07 12:33:11,598 INFO Sincronizacao externa concluida para loja f3ff028b-94fd-4736-859c-5ad4023504d5
2026-08-07 12:33:12,029 INFO Sincronizacao externa concluida para loja f524fb7d-ce38-4661-b417-a8f425c3b850
2026-08-07 12:34:12,588 INFO Sincronizacao externa concluida para loja f3ff028b-94fd-4736-859c-5ad4023504d5
2026-08-07 12:34:13,051 INFO Sincronizacao externa concluida para loja f524fb7d-ce38-4661-b417-a8f425c3b850
2026-08-07 12:35:13,814 INFO Sincronizacao externa concluida para loja f3ff028b-94fd-4736-859c-5ad4023504d5
2026-08-07 12:35:14,613 INFO Sincronizacao externa concluida para loja f524fb7d-ce38-4661-b417-a8f425c3b850
2026-08-07 12:36:15,084 INFO Sincronizacao externa concluida para loja f3ff028b-94fd-4736-859c-5ad4023504d5
2026-08-07 12:36:15,519 INFO Sincronizacao externa concluida para loja f524fb7d-ce38-4661-b417-a8f425c3b850
2026-08-07 12:37:16,034 INFO Sincronizacao externa concluida para loja f3ff028b-94fd-4736-859c-5ad4023504d5
2026-08-07 12:37:16,420 INFO Sincronizacao externa concluida para loja f524fb7d-ce38-4661-b417-a8f425c3b850
2026-08-07 12:38:17,012 INFO Sincronizacao externa concluida para loja f3ff028b-94fd-4736-859c-5ad4023504d5
2026-08-07 12:38:17,474 INFO Sincronizacao externa concluida para loja f524fb7d-ce38-4661-b417-a8f425c3b850
2026-08-07 12:39:17,953 INFO Sincronizacao externa concluida para loja f3ff028b-94fd-4736-859c-5ad4023504d5
2026-08-07 12:39:18,452 INFO Sincronizacao externa concluida para loja f524fb7d-ce38-4661-b417-a8f425c3b850
2026-08-07 12:40:19,193 INFO Sincronizacao externa concluida para loja f3ff028b-94fd-4736-859c-5ad4023504d5
2026-08-07 12:40:19,677 INFO Sincronizacao externa concluida para loja f524fb7d-ce38-4661-b417-a8f425c3b850
2026-08-07 12:41:20,186 INFO Sincronizacao externa concluida para loja f3ff028b-94fd-4736-859c-5ad4023504d5
2026-08-07 12:41:20,686 INFO Sincronizacao externa concluida para loja f524fb7d-ce38-4661-b417-a8f425c3b850
2026-08-07 12:42:21,184 INFO Sincronizacao externa concluida para loja f3ff028b-94fd-4736-859c-5ad4023504d5
2026-08-07 12:42:21,593 INFO Sincronizacao externa concluida para loja f524fb7d-ce38-4661-b417-a8f425c3b850
2026-08-07 12:43:22,187 INFO Sincronizacao externa concluida para loja f3ff028b-94fd-4736-859c-5ad4023504d5
2026-08-07 12:43:22,622 INFO Sincronizacao externa concluida para loja f524fb7d-ce38-4661-b417-a8f425c3b850
2026-08-07 12:44:23,125 INFO Sincronizacao externa concluida para loja f3ff028b-94fd-4736-859c-5ad4023504d5
2026-08-07 12:44:23,591 INFO Sincronizacao externa concluida para loja f524fb7d-ce38-4661-b417-a8f425c3b850
2026-08-07 12:45:24,415 INFO Sincronizacao externa concluida para loja f3ff028b-94fd-4736-859c-5ad4023504d5
2026-08-07 12:45:24,820 INFO Sincronizacao externa concluida para loja f524fb7d-ce38-4661-b417-a8f425c3b850
2026-08-07 12:46:25,313 INFO Sincronizacao externa concluida para loja f3ff028b-94fd-4736-859c-5ad4023504d5
2026-08-07 12:46:25,747 INFO Sincronizacao externa concluida para loja f524fb7d-ce38-4661-b417-a8f425c3b850
2026-08-07 12:47:26,230 INFO Sincronizacao externa concluida para loja f3ff028b-94fd-4736-859c-5ad4023504d5
2026-08-07 12:47:26,696 INFO Sincronizacao externa concluida para loja f524fb7d-ce38-4661-b417-a8f425c3b850
2026-08-07 12:48:27,115 INFO Sincronizacao externa concluida para loja f3ff028b-94fd-4736-859c-5ad4023504d5
2026-08-07 12:48:27,605 INFO Sincronizacao externa concluida para loja f524fb7d-ce38-4661-b417-a8f425c3b850
2026-08-07 12:49:28,129 INFO Sincronizacao externa concluida para loja f3ff028b-94fd-4736-859c-5ad4023504d5
2026-08-07 12:49:28,558 INFO Sincronizacao externa concluida para loja f524fb7d-ce38-4661-b417-a8f425c3b850
2026-08-07 12:50:29,239 INFO Sincronizacao externa concluida para loja f3ff028b-94fd-4736-859c-5ad4023504d5
2026-08-07 12:50:29,670 INFO Sincronizacao externa concluida para loja f524fb7d-ce38-4661-b417-a8f425c3b850
2026-08-07 12:51:30,187 INFO Sincronizacao externa concluida para loja f3ff028b-94fd-4736-859c-5ad4023504d5
2026-08-07 12:51:30,609 INFO Sincronizacao externa concluida para loja f524fb7d-ce38-4661-b417-a8f425c3b850
2026-08-07 12:52:31,288 INFO Sincronizacao externa concluida para loja f3ff028b-94fd-4736-859c-5ad4023504d5
2026-08-07 12:52:31,699 INFO Sincronizacao externa concluida para loja f524fb7d-ce38-4661-b417-a8f425c3b850
2026-08-07 12:53:32,206 INFO Sincronizacao externa concluida para loja f3ff028b-94fd-4736-859c-5ad4023504d5
2026-08-07 12:53:32,690 INFO Sincronizacao externa concluida para loja f524fb7d-ce38-4661-b417-a8f425c3b850
2026-08-07 12:54:33,272 INFO Sincronizacao externa concluida para loja f3ff028b-94fd-4736-859c-5ad4023504d5
2026-08-07 12:54:33,698 INFO Sincronizacao externa concluida para loja f524fb7d-ce38-4661-b417-a8f425c3b850
2026-08-07 12:55:34,379 INFO Sincronizacao externa concluida para loja f3ff028b-94fd-4736-859c-5ad4023504d5
2026-08-07 12:55:34,855 INFO Sincronizacao externa concluida para loja f524fb7d-ce38-4661-b417-a8f425c3b850
2026-08-07 12:56:35,401 INFO Sincronizacao externa concluida para loja f3ff028b-94fd-4736-859c-5ad4023504d5
2026-08-07 12:56:35,859 INFO Sincronizacao externa concluida para loja f524fb7d-ce38-4661-b417-a8f425c3b850
2026-08-07 12:57:36,386 INFO Sincronizacao externa concluida para loja f3ff028b-94fd-4736-859c-5ad4023504d5
2026-08-07 12:57:36,856 INFO Sincronizacao externa concluida para loja f524fb7d-ce38-4661-b417-a8f425c3b850
2026-08-07 12:58:37,418 INFO Sincronizacao externa concluida para loja f3ff028b-94fd-4736-859c-5ad4023504d5
2026-08-07 12:58:37,874 INFO Sincronizacao externa concluida para loja f524fb7d-ce38-4661-b417-a8f425c3b850
2026-08-07 12:59:38,400 INFO Sincronizacao externa concluida para loja f3ff028b-94fd-4736-859c-5ad4023504d5
2026-08-07 12:59:38,798 INFO Sincronizacao externa concluida para loja f524fb7d-ce38-4661-b417-a8f425c3b850
2026-08-07 13:00:39,599 INFO Sincronizacao externa concluida para loja f3ff028b-94fd-4736-859c-5ad4023504d5
2026-08-07 13:00:40,035 INFO Sincronizacao externa concluida para loja f524fb7d-ce38-4661-b417-a8f425c3b850
2026-08-07 13:01:40,547 INFO Sincronizacao externa concluida para loja f3ff028b-94fd-4736-859c-5ad4023504d5
2026-08-07 13:01:41,014 INFO Sincronizacao externa concluida para loja f524fb7d-ce38-4661-b417-a8f425c3b850
2026-08-07 13:02:41,499 INFO Sincronizacao externa concluida para loja f3ff028b-94fd-4736-859c-5ad4023504d5
2026-08-07 13:02:41,921 INFO Sincronizacao externa concluida para loja f524fb7d-ce38-4661-b417-a8f425c3b850
2026-08-07 13:03:42,413 INFO Sincronizacao externa concluida para loja f3ff028b-94fd-4736-859c-5ad4023504d5
2026-08-07 13:03:42,868 INFO Sincronizacao externa concluida para loja f524fb7d-ce38-4661-b417-a8f425c3b850
2026-08-07 13:04:43,674 INFO Sincronizacao externa concluida para loja f3ff028b-94fd-4736-859c-5ad4023504d5
2026-08-07 13:04:44,150 INFO Sincronizacao externa concluida para loja f524fb7d-ce38-4661-b417-a8f425c3b850
2026-08-07 13:05:44,851 INFO Sincronizacao externa concluida para loja f3ff028b-94fd-4736-859c-5ad4023504d5
2026-08-07 13:05:45,296 INFO Sincronizacao externa concluida para loja f524fb7d-ce38-4661-b417-a8f425c3b850
2026-08-07 13:06:45,868 INFO Sincronizacao externa concluida para loja f3ff028b-94fd-4736-859c-5ad4023504d5
2026-08-07 13:06:46,298 INFO Sincronizacao externa concluida para loja f524fb7d-ce38-4661-b417-a8f425c3b850
2026-08-07 13:07:46,797 INFO Sincronizacao externa concluida para loja f3ff028b-94fd-4736-859c-5ad4023504d5
2026-08-07 13:07:47,276 INFO Sincronizacao externa concluida para loja f524fb7d-ce38-4661-b417-a8f425c3b850
2026-08-07 13:08:48,379 INFO Sincronizacao externa concluida para loja f3ff028b-94fd-4736-859c-5ad4023504d5
2026-08-07 13:08:48,845 INFO Sincronizacao externa concluida para loja f524fb7d-ce38-4661-b417-a8f425c3b850
2026-08-07 13:09:49,295 INFO Sincronizacao externa concluida para loja f3ff028b-94fd-4736-859c-5ad4023504d5
2026-08-07 13:09:49,726 INFO Sincronizacao externa concluida para loja f524fb7d-ce38-4661-b417-a8f425c3b850
2026-08-07 13:10:50,601 INFO Sincronizacao externa concluida para loja f3ff028b-94fd-4736-859c-5ad4023504d5
2026-08-07 13:10:51,029 INFO Sincronizacao externa concluida para loja f524fb7d-ce38-4661-b417-a8f425c3b850
2026-08-07 13:11:51,658 INFO Sincronizacao externa concluida para loja f3ff028b-94fd-4736-859c-5ad4023504d5
2026-08-07 13:11:52,120 INFO Sincronizacao externa concluida para loja f524fb7d-ce38-4661-b417-a8f425c3b850
2026-08-07 13:12:52,647 INFO Sincronizacao externa concluida para loja f3ff028b-94fd-4736-859c-5ad4023504d5
2026-08-07 13:12:53,093 INFO Sincronizacao externa concluida para loja f524fb7d-ce38-4661-b417-a8f425c3b850
2026-08-07 13:13:53,619 INFO Sincronizacao externa concluida para loja f3ff028b-94fd-4736-859c-5ad4023504d5
2026-08-07 13:13:54,067 INFO Sincronizacao externa concluida para loja f524fb7d-ce38-4661-b417-a8f425c3b850
2026-08-07 13:14:54,630 INFO Sincronizacao externa concluida para loja f3ff028b-94fd-4736-859c-5ad4023504d5
2026-08-07 13:14:55,056 INFO Sincronizacao externa concluida para loja f524fb7d-ce38-4661-b417-a8f425c3b850
2026-08-07 13:15:55,764 INFO Sincronizacao externa concluida para loja f3ff028b-94fd-4736-859c-5ad4023504d5
2026-08-07 13:15:56,265 INFO Sincronizacao externa concluida para loja f524fb7d-ce38-4661-b417-a8f425c3b850
2026-08-07 13:16:56,734 INFO Sincronizacao externa concluida para loja f3ff028b-94fd-4736-859c-5ad4023504d5
2026-08-07 13:16:57,176 INFO Sincronizacao externa concluida para loja f524fb7d-ce38-4661-b417-a8f425c3b850
2026-08-07 13:17:57,654 INFO Sincronizacao externa concluida para loja f3ff028b-94fd-4736-859c-5ad4023504d5
2026-08-07 13:17:58,139 INFO Sincronizacao externa concluida para loja f524fb7d-ce38-4661-b417-a8f425c3b850
2026-08-07 13:18:58,639 INFO Sincronizacao externa concluida para loja f3ff028b-94fd-4736-859c-5ad4023504d5
2026-08-07 13:18:59,059 INFO Sincronizacao externa concluida para loja f524fb7d-ce38-4661-b417-a8f425c3b850
2026-08-07 13:19:59,509 INFO Sincronizacao externa concluida para loja f3ff028b-94fd-4736-859c-5ad4023504d5
2026-08-07 13:19:59,930 INFO Sincronizacao externa concluida para loja f524fb7d-ce38-4661-b417-a8f425c3b850
2026-08-07 13:21:00,613 INFO Sincronizacao externa concluida para loja f3ff028b-94fd-4736-859c-5ad4023504d5
2026-08-07 13:21:01,116 INFO Sincronizacao externa concluida para loja f524fb7d-ce38-4661-b417-a8f425c3b850
2026-08-07 13:22:01,560 INFO Sincronizacao externa concluida para loja f3ff028b-94fd-4736-859c-5ad4023504d5
2026-08-07 13:22:02,097 INFO Sincronizacao externa concluida para loja f524fb7d-ce38-4661-b417-a8f425c3b850
2026-08-07 13:23:02,598 INFO Sincronizacao externa concluida para loja f3ff028b-94fd-4736-859c-5ad4023504d5
2026-08-07 13:23:03,026 INFO Sincronizacao externa concluida para loja f524fb7d-ce38-4661-b417-a8f425c3b850
2026-08-07 13:24:03,716 INFO Sincronizacao externa concluida para loja f3ff028b-94fd-4736-859c-5ad4023504d5
2026-08-07 13:24:04,201 INFO Sincronizacao externa concluida para loja f524fb7d-ce38-4661-b417-a8f425c3b850
2026-08-07 13:25:04,713 INFO Sincronizacao externa concluida para loja f3ff028b-94fd-4736-859c-5ad4023504d5
2026-08-07 13:25:05,234 INFO Sincronizacao externa concluida para loja f524fb7d-ce38-4661-b417-a8f425c3b850
2026-08-07 13:26:05,876 INFO Sincronizacao externa concluida para loja f3ff028b-94fd-4736-859c-5ad4023504d5
2026-08-07 13:26:06,314 INFO Sincronizacao externa concluida para loja f524fb7d-ce38-4661-b417-a8f425c3b850
2026-08-07 13:27:06,792 INFO Sincronizacao externa concluida para loja f3ff028b-94fd-4736-859c-5ad4023504d5
2026-08-07 13:27:07,273 INFO Sincronizacao externa concluida para loja f524fb7d-ce38-4661-b417-a8f425c3b850
2026-08-07 13:28:07,724 INFO Sincronizacao externa concluida para loja f3ff028b-94fd-4736-859c-5ad4023504d5
2026-08-07 13:28:08,236 INFO Sincronizacao externa concluida para loja f524fb7d-ce38-4661-b417-a8f425c3b850
2026-08-07 13:29:08,754 INFO Sincronizacao externa concluida para loja f3ff028b-94fd-4736-859c-5ad4023504d5
2026-08-07 13:29:09,210 INFO Sincronizacao externa concluida para loja f524fb7d-ce38-4661-b417-a8f425c3b850
2026-08-07 13:30:09,701 INFO Sincronizacao externa concluida para loja f3ff028b-94fd-4736-859c-5ad4023504d5
2026-08-07 13:30:10,155 INFO Sincronizacao externa concluida para loja f524fb7d-ce38-4661-b417-a8f425c3b850
2026-08-07 13:31:10,845 INFO Sincronizacao externa concluida para loja f3ff028b-94fd-4736-859c-5ad4023504d5
2026-08-07 13:31:11,301 INFO Sincronizacao externa concluida para loja f524fb7d-ce38-4661-b417-a8f425c3b850
2026-08-07 13:32:11,814 INFO Sincronizacao externa concluida para loja f3ff028b-94fd-4736-859c-5ad4023504d5
2026-08-07 13:32:12,254 INFO Sincronizacao externa concluida para loja f524fb7d-ce38-4661-b417-a8f425c3b850
2026-08-07 13:33:12,735 INFO Sincronizacao externa concluida para loja f3ff028b-94fd-4736-859c-5ad4023504d5
2026-08-07 13:33:13,177 INFO Sincronizacao externa concluida para loja f524fb7d-ce38-4661-b417-a8f425c3b850
2026-08-07 13:34:13,757 INFO Sincronizacao externa concluida para loja f3ff028b-94fd-4736-859c-5ad4023504d5
2026-08-07 13:34:14,178 INFO Sincronizacao externa concluida para loja f524fb7d-ce38-4661-b417-a8f425c3b850
2026-08-07 13:35:14,611 INFO Sincronizacao externa concluida para loja f3ff028b-94fd-4736-859c-5ad4023504d5
2026-08-07 13:35:15,082 INFO Sincronizacao externa concluida para loja f524fb7d-ce38-4661-b417-a8f425c3b850
2026-08-07 13:36:15,801 INFO Sincronizacao externa concluida para loja f3ff028b-94fd-4736-859c-5ad4023504d5
2026-08-07 13:36:16,295 INFO Sincronizacao externa concluida para loja f524fb7d-ce38-4661-b417-a8f425c3b850
2026-08-07 13:37:16,771 INFO Sincronizacao externa concluida para loja f3ff028b-94fd-4736-859c-5ad4023504d5
2026-08-07 13:37:17,220 INFO Sincronizacao externa concluida para loja f524fb7d-ce38-4661-b417-a8f425c3b850
2026-08-07 13:38:17,665 INFO Sincronizacao externa concluida para loja f3ff028b-94fd-4736-859c-5ad4023504d5
2026-08-07 13:38:18,105 INFO Sincronizacao externa concluida para loja f524fb7d-ce38-4661-b417-a8f425c3b850
2026-08-07 13:39:18,630 INFO Sincronizacao externa concluida para loja f3ff028b-94fd-4736-859c-5ad4023504d5
2026-08-07 13:39:19,081 INFO Sincronizacao externa concluida para loja f524fb7d-ce38-4661-b417-a8f425c3b850
2026-08-07 13:40:19,524 INFO Sincronizacao externa concluida para loja f3ff028b-94fd-4736-859c-5ad4023504d5
2026-08-07 13:40:19,999 INFO Sincronizacao externa concluida para loja f524fb7d-ce38-4661-b417-a8f425c3b850
2026-08-07 13:41:20,661 INFO Sincronizacao externa concluida para loja f3ff028b-94fd-4736-859c-5ad4023504d5
2026-08-07 13:41:21,049 INFO Sincronizacao externa concluida para loja f524fb7d-ce38-4661-b417-a8f425c3b850
2026-08-07 13:42:21,637 INFO Sincronizacao externa concluida para loja f3ff028b-94fd-4736-859c-5ad4023504d5
2026-08-07 13:42:22,098 INFO Sincronizacao externa concluida para loja f524fb7d-ce38-4661-b417-a8f425c3b850
2026-08-07 13:43:22,602 INFO Sincronizacao externa concluida para loja f3ff028b-94fd-4736-859c-5ad4023504d5
2026-08-07 13:43:23,006 INFO Sincronizacao externa concluida para loja f524fb7d-ce38-4661-b417-a8f425c3b850
2026-08-07 13:44:23,520 INFO Sincronizacao externa concluida para loja f3ff028b-94fd-4736-859c-5ad4023504d5
2026-08-07 13:44:23,916 INFO Sincronizacao externa concluida para loja f524fb7d-ce38-4661-b417-a8f425c3b850
2026-08-07 13:45:24,477 INFO Sincronizacao externa concluida para loja f3ff028b-94fd-4736-859c-5ad4023504d5
2026-08-07 13:45:24,873 INFO Sincronizacao externa concluida para loja f524fb7d-ce38-4661-b417-a8f425c3b850
2026-08-07 13:46:25,539 INFO Sincronizacao externa concluida para loja f3ff028b-94fd-4736-859c-5ad4023504d5
2026-08-07 13:46:25,944 INFO Sincronizacao externa concluida para loja f524fb7d-ce38-4661-b417-a8f425c3b850
2026-08-07 13:47:26,482 INFO Sincronizacao externa concluida para loja f3ff028b-94fd-4736-859c-5ad4023504d5
2026-08-07 13:47:26,924 INFO Sincronizacao externa concluida para loja f524fb7d-ce38-4661-b417-a8f425c3b850
2026-08-07 13:48:27,434 INFO Sincronizacao externa concluida para loja f3ff028b-94fd-4736-859c-5ad4023504d5
2026-08-07 13:48:27,930 INFO Sincronizacao externa concluida para loja f524fb7d-ce38-4661-b417-a8f425c3b850
2026-08-07 13:49:28,646 INFO Sincronizacao externa concluida para loja f3ff028b-94fd-4736-859c-5ad4023504d5
2026-08-07 13:49:29,160 INFO Sincronizacao externa concluida para loja f524fb7d-ce38-4661-b417-a8f425c3b850
2026-08-07 13:50:29,632 INFO Sincronizacao externa concluida para loja f3ff028b-94fd-4736-859c-5ad4023504d5
2026-08-07 13:50:30,011 INFO Sincronizacao externa concluida para loja f524fb7d-ce38-4661-b417-a8f425c3b850
2026-08-07 13:51:30,684 INFO Sincronizacao externa concluida para loja f3ff028b-94fd-4736-859c-5ad4023504d5
2026-08-07 13:51:31,125 INFO Sincronizacao externa concluida para loja f524fb7d-ce38-4661-b417-a8f425c3b850
2026-08-07 13:52:31,600 INFO Sincronizacao externa concluida para loja f3ff028b-94fd-4736-859c-5ad4023504d5
2026-08-07 13:52:31,991 INFO Sincronizacao externa concluida para loja f524fb7d-ce38-4661-b417-a8f425c3b850
2026-08-07 13:53:32,616 INFO Sincronizacao externa concluida para loja f3ff028b-94fd-4736-859c-5ad4023504d5
2026-08-07 13:53:33,079 INFO Sincronizacao externa concluida para loja f524fb7d-ce38-4661-b417-a8f425c3b850
2026-08-07 13:54:33,712 INFO Sincronizacao externa concluida para loja f3ff028b-94fd-4736-859c-5ad4023504d5
2026-08-07 13:54:34,147 INFO Sincronizacao externa concluida para loja f524fb7d-ce38-4661-b417-a8f425c3b850
2026-08-07 13:55:34,593 INFO Sincronizacao externa concluida para loja f3ff028b-94fd-4736-859c-5ad4023504d5
2026-08-07 13:55:35,051 INFO Sincronizacao externa concluida para loja f524fb7d-ce38-4661-b417-a8f425c3b850
2026-08-07 13:56:35,940 INFO Sincronizacao externa concluida para loja f3ff028b-94fd-4736-859c-5ad4023504d5
2026-08-07 13:56:36,385 INFO Sincronizacao externa concluida para loja f524fb7d-ce38-4661-b417-a8f425c3b850
2026-08-07 13:57:36,891 INFO Sincronizacao externa concluida para loja f3ff028b-94fd-4736-859c-5ad4023504d5
2026-08-07 13:57:37,335 INFO Sincronizacao externa concluida para loja f524fb7d-ce38-4661-b417-a8f425c3b850
2026-08-07 13:58:37,866 INFO Sincronizacao externa concluida para loja f3ff028b-94fd-4736-859c-5ad4023504d5
2026-08-07 13:58:38,289 INFO Sincronizacao externa concluida para loja f524fb7d-ce38-4661-b417-a8f425c3b850
2026-08-07 13:59:38,912 INFO Sincronizacao externa concluida para loja f3ff028b-94fd-4736-859c-5ad4023504d5
2026-08-07 13:59:39,324 INFO Sincronizacao externa concluida para loja f524fb7d-ce38-4661-b417-a8f425c3b850
2026-08-07 14:00:39,894 INFO Sincronizacao externa concluida para loja f3ff028b-94fd-4736-859c-5ad4023504d5
2026-08-07 14:00:40,341 INFO Sincronizacao externa concluida para loja f524fb7d-ce38-4661-b417-a8f425c3b850
2026-08-07 14:01:41,044 INFO Sincronizacao externa concluida para loja f3ff028b-94fd-4736-859c-5ad4023504d5
2026-08-07 14:01:41,477 INFO Sincronizacao externa concluida para loja f524fb7d-ce38-4661-b417-a8f425c3b850
2026-08-07 14:02:42,006 INFO Sincronizacao externa concluida para loja f3ff028b-94fd-4736-859c-5ad4023504d5
2026-08-07 14:02:42,412 INFO Sincronizacao externa concluida para loja f524fb7d-ce38-4661-b417-a8f425c3b850
2026-08-07 14:03:42,891 INFO Sincronizacao externa concluida para loja f3ff028b-94fd-4736-859c-5ad4023504d5
2026-08-07 14:03:43,338 INFO Sincronizacao externa concluida para loja f524fb7d-ce38-4661-b417-a8f425c3b850
2026-08-07 14:04:43,946 INFO Sincronizacao externa concluida para loja f3ff028b-94fd-4736-859c-5ad4023504d5
2026-08-07 14:04:44,435 INFO Sincronizacao externa concluida para loja f524fb7d-ce38-4661-b417-a8f425c3b850
2026-08-07 14:05:44,988 INFO Sincronizacao externa concluida para loja f3ff028b-94fd-4736-859c-5ad4023504d5
2026-08-07 14:05:45,416 INFO Sincronizacao externa concluida para loja f524fb7d-ce38-4661-b417-a8f425c3b850
2026-08-07 14:06:46,135 INFO Sincronizacao externa concluida para loja f3ff028b-94fd-4736-859c-5ad4023504d5
2026-08-07 14:06:46,556 INFO Sincronizacao externa concluida para loja f524fb7d-ce38-4661-b417-a8f425c3b850
2026-08-07 14:07:47,071 INFO Sincronizacao externa concluida para loja f3ff028b-94fd-4736-859c-5ad4023504d5
2026-08-07 14:07:47,539 INFO Sincronizacao externa concluida para loja f524fb7d-ce38-4661-b417-a8f425c3b850
2026-08-07 14:08:48,139 INFO Sincronizacao externa concluida para loja f3ff028b-94fd-4736-859c-5ad4023504d5
2026-08-07 14:08:48,556 INFO Sincronizacao externa concluida para loja f524fb7d-ce38-4661-b417-a8f425c3b850
2026-08-07 14:09:48,982 INFO Sincronizacao externa concluida para loja f3ff028b-94fd-4736-859c-5ad4023504d5
2026-08-07 14:09:49,469 INFO Sincronizacao externa concluida para loja f524fb7d-ce38-4661-b417-a8f425c3b850
2026-08-07 14:10:50,015 INFO Sincronizacao externa concluida para loja f3ff028b-94fd-4736-859c-5ad4023504d5
2026-08-07 14:10:50,536 INFO Sincronizacao externa concluida para loja f524fb7d-ce38-4661-b417-a8f425c3b850
2026-08-07 14:11:51,208 INFO Sincronizacao externa concluida para loja f3ff028b-94fd-4736-859c-5ad4023504d5
2026-08-07 14:11:51,677 INFO Sincronizacao externa concluida para loja f524fb7d-ce38-4661-b417-a8f425c3b850
2026-08-07 14:12:52,172 INFO Sincronizacao externa concluida para loja f3ff028b-94fd-4736-859c-5ad4023504d5
2026-08-07 14:12:52,539 INFO Sincronizacao externa concluida para loja f524fb7d-ce38-4661-b417-a8f425c3b850
2026-08-07 14:13:52,999 INFO Sincronizacao externa concluida para loja f3ff028b-94fd-4736-859c-5ad4023504d5
2026-08-07 14:13:53,419 INFO Sincronizacao externa concluida para loja f524fb7d-ce38-4661-b417-a8f425c3b850
2026-08-07 14:14:54,002 INFO Sincronizacao externa concluida para loja f3ff028b-94fd-4736-859c-5ad4023504d5
2026-08-07 14:14:54,444 INFO Sincronizacao externa concluida para loja f524fb7d-ce38-4661-b417-a8f425c3b850
2026-08-07 14:15:54,887 INFO Sincronizacao externa concluida para loja f3ff028b-94fd-4736-859c-5ad4023504d5
2026-08-07 14:15:55,311 INFO Sincronizacao externa concluida para loja f524fb7d-ce38-4661-b417-a8f425c3b850
2026-08-07 14:16:56,106 INFO Sincronizacao externa concluida para loja f3ff028b-94fd-4736-859c-5ad4023504d5
2026-08-07 14:16:56,501 INFO Sincronizacao externa concluida para loja f524fb7d-ce38-4661-b417-a8f425c3b850
2026-08-07 14:17:56,966 INFO Sincronizacao externa concluida para loja f3ff028b-94fd-4736-859c-5ad4023504d5
2026-08-07 14:17:57,412 INFO Sincronizacao externa concluida para loja f524fb7d-ce38-4661-b417-a8f425c3b850
2026-08-07 14:18:57,887 INFO Sincronizacao externa concluida para loja f3ff028b-94fd-4736-859c-5ad4023504d5
2026-08-07 14:18:58,265 INFO Sincronizacao externa concluida para loja f524fb7d-ce38-4661-b417-a8f425c3b850
2026-08-07 14:19:58,734 INFO Sincronizacao externa concluida para loja f3ff028b-94fd-4736-859c-5ad4023504d5
2026-08-07 14:19:59,161 INFO Sincronizacao externa concluida para loja f524fb7d-ce38-4661-b417-a8f425c3b850
2026-08-07 14:20:59,727 INFO Sincronizacao externa concluida para loja f3ff028b-94fd-4736-859c-5ad4023504d5
2026-08-07 14:21:00,100 INFO Sincronizacao externa concluida para loja f524fb7d-ce38-4661-b417-a8f425c3b850
2026-08-07 14:22:00,813 INFO Sincronizacao externa concluida para loja f3ff028b-94fd-4736-859c-5ad4023504d5
2026-08-07 14:22:01,272 INFO Sincronizacao externa concluida para loja f524fb7d-ce38-4661-b417-a8f425c3b850
2026-08-07 14:23:01,860 INFO Sincronizacao externa concluida para loja f3ff028b-94fd-4736-859c-5ad4023504d5
2026-08-07 14:23:02,280 INFO Sincronizacao externa concluida para loja f524fb7d-ce38-4661-b417-a8f425c3b850
2026-08-07 14:24:02,772 INFO Sincronizacao externa concluida para loja f3ff028b-94fd-4736-859c-5ad4023504d5
2026-08-07 14:24:03,335 INFO Sincronizacao externa concluida para loja f524fb7d-ce38-4661-b417-a8f425c3b850
2026-08-07 14:25:03,861 INFO Sincronizacao externa concluida para loja f3ff028b-94fd-4736-859c-5ad4023504d5
2026-08-07 14:25:04,313 INFO Sincronizacao externa concluida para loja f524fb7d-ce38-4661-b417-a8f425c3b850
2026-08-07 14:26:04,803 INFO Sincronizacao externa concluida para loja f3ff028b-94fd-4736-859c-5ad4023504d5
2026-08-07 14:26:05,256 INFO Sincronizacao externa concluida para loja f524fb7d-ce38-4661-b417-a8f425c3b850
2026-08-07 14:27:06,034 INFO Sincronizacao externa concluida para loja f3ff028b-94fd-4736-859c-5ad4023504d5
2026-08-07 14:27:06,616 INFO Sincronizacao externa concluida para loja f524fb7d-ce38-4661-b417-a8f425c3b850
2026-08-07 14:28:07,204 INFO Sincronizacao externa concluida para loja f3ff028b-94fd-4736-859c-5ad4023504d5
2026-08-07 14:28:07,672 INFO Sincronizacao externa concluida para loja f524fb7d-ce38-4661-b417-a8f425c3b850
2026-08-07 14:29:08,190 INFO Sincronizacao externa concluida para loja f3ff028b-94fd-4736-859c-5ad4023504d5
2026-08-07 14:29:08,678 INFO Sincronizacao externa concluida para loja f524fb7d-ce38-4661-b417-a8f425c3b850
2026-08-07 14:30:09,268 INFO Sincronizacao externa concluida para loja f3ff028b-94fd-4736-859c-5ad4023504d5
2026-08-07 14:30:09,776 INFO Sincronizacao externa concluida para loja f524fb7d-ce38-4661-b417-a8f425c3b850
2026-08-07 14:31:10,256 INFO Sincronizacao externa concluida para loja f3ff028b-94fd-4736-859c-5ad4023504d5
2026-08-07 14:31:10,690 INFO Sincronizacao externa concluida para loja f524fb7d-ce38-4661-b417-a8f425c3b850
2026-08-07 14:32:11,443 INFO Sincronizacao externa concluida para loja f3ff028b-94fd-4736-859c-5ad4023504d5
2026-08-07 14:32:11,854 INFO Sincronizacao externa concluida para loja f524fb7d-ce38-4661-b417-a8f425c3b850
2026-08-07 14:33:12,291 INFO Sincronizacao externa concluida para loja f3ff028b-94fd-4736-859c-5ad4023504d5
2026-08-07 14:33:12,699 INFO Sincronizacao externa concluida para loja f524fb7d-ce38-4661-b417-a8f425c3b850
2026-08-07 14:34:13,300 INFO Sincronizacao externa concluida para loja f3ff028b-94fd-4736-859c-5ad4023504d5
2026-08-07 14:34:13,812 INFO Sincronizacao externa concluida para loja f524fb7d-ce38-4661-b417-a8f425c3b850
2026-08-07 14:35:14,358 INFO Sincronizacao externa concluida para loja f3ff028b-94fd-4736-859c-5ad4023504d5
2026-08-07 14:35:14,770 INFO Sincronizacao externa concluida para loja f524fb7d-ce38-4661-b417-a8f425c3b850
2026-08-07 14:36:15,229 INFO Sincronizacao externa concluida para loja f3ff028b-94fd-4736-859c-5ad4023504d5
2026-08-07 14:36:15,710 INFO Sincronizacao externa concluida para loja f524fb7d-ce38-4661-b417-a8f425c3b850
2026-08-07 14:37:16,406 INFO Sincronizacao externa concluida para loja f3ff028b-94fd-4736-859c-5ad4023504d5
2026-08-07 14:37:16,878 INFO Sincronizacao externa concluida para loja f524fb7d-ce38-4661-b417-a8f425c3b850
2026-08-07 14:38:17,414 INFO Sincronizacao externa concluida para loja f3ff028b-94fd-4736-859c-5ad4023504d5
2026-08-07 14:38:17,827 INFO Sincronizacao externa concluida para loja f524fb7d-ce38-4661-b417-a8f425c3b850
2026-08-07 14:39:18,357 INFO Sincronizacao externa concluida para loja f3ff028b-94fd-4736-859c-5ad4023504d5
2026-08-07 14:39:18,801 INFO Sincronizacao externa concluida para loja f524fb7d-ce38-4661-b417-a8f425c3b850
2026-08-07 14:40:19,235 INFO Sincronizacao externa concluida para loja f3ff028b-94fd-4736-859c-5ad4023504d5
2026-08-07 14:40:19,627 INFO Sincronizacao externa concluida para loja f524fb7d-ce38-4661-b417-a8f425c3b850
2026-08-07 14:41:20,153 INFO Sincronizacao externa concluida para loja f3ff028b-94fd-4736-859c-5ad4023504d5
2026-08-07 14:41:20,618 INFO Sincronizacao externa concluida para loja f524fb7d-ce38-4661-b417-a8f425c3b850
2026-08-07 14:42:21,395 INFO Sincronizacao externa concluida para loja f3ff028b-94fd-4736-859c-5ad4023504d5
2026-08-07 14:42:21,848 INFO Sincronizacao externa concluida para loja f524fb7d-ce38-4661-b417-a8f425c3b850
2026-08-07 14:43:22,533 INFO Sincronizacao externa concluida para loja f3ff028b-94fd-4736-859c-5ad4023504d5
2026-08-07 14:43:22,955 INFO Sincronizacao externa concluida para loja f524fb7d-ce38-4661-b417-a8f425c3b850
2026-08-07 14:44:23,476 INFO Sincronizacao externa concluida para loja f3ff028b-94fd-4736-859c-5ad4023504d5
2026-08-07 14:44:23,931 INFO Sincronizacao externa concluida para loja f524fb7d-ce38-4661-b417-a8f425c3b850
2026-08-07 14:45:24,435 INFO Sincronizacao externa concluida para loja f3ff028b-94fd-4736-859c-5ad4023504d5
2026-08-07 14:45:24,894 INFO Sincronizacao externa concluida para loja f524fb7d-ce38-4661-b417-a8f425c3b850
2026-08-07 14:46:25,429 INFO Sincronizacao externa concluida para loja f3ff028b-94fd-4736-859c-5ad4023504d5
2026-08-07 14:46:25,865 INFO Sincronizacao externa concluida para loja f524fb7d-ce38-4661-b417-a8f425c3b850
2026-08-07 14:47:26,569 INFO Sincronizacao externa concluida para loja f3ff028b-94fd-4736-859c-5ad4023504d5
2026-08-07 14:47:26,991 INFO Sincronizacao externa concluida para loja f524fb7d-ce38-4661-b417-a8f425c3b850
2026-08-07 14:48:27,431 INFO Sincronizacao externa concluida para loja f3ff028b-94fd-4736-859c-5ad4023504d5
2026-08-07 14:48:27,862 INFO Sincronizacao externa concluida para loja f524fb7d-ce38-4661-b417-a8f425c3b850
2026-08-07 14:49:28,367 INFO Sincronizacao externa concluida para loja f3ff028b-94fd-4736-859c-5ad4023504d5
2026-08-07 14:49:28,866 INFO Sincronizacao externa concluida para loja f524fb7d-ce38-4661-b417-a8f425c3b850
2026-08-07 14:50:29,330 INFO Sincronizacao externa concluida para loja f3ff028b-94fd-4736-859c-5ad4023504d5
2026-08-07 14:50:29,748 INFO Sincronizacao externa concluida para loja f524fb7d-ce38-4661-b417-a8f425c3b850
2026-08-07 14:51:30,222 INFO Sincronizacao externa concluida para loja f3ff028b-94fd-4736-859c-5ad4023504d5
2026-08-07 14:51:30,796 INFO Sincronizacao externa concluida para loja f524fb7d-ce38-4661-b417-a8f425c3b850
2026-08-07 14:52:31,492 INFO Sincronizacao externa concluida para loja f3ff028b-94fd-4736-859c-5ad4023504d5
2026-08-07 14:52:31,936 INFO Sincronizacao externa concluida para loja f524fb7d-ce38-4661-b417-a8f425c3b850
2026-08-07 14:53:32,459 INFO Sincronizacao externa concluida para loja f3ff028b-94fd-4736-859c-5ad4023504d5
2026-08-07 14:53:32,917 INFO Sincronizacao externa concluida para loja f524fb7d-ce38-4661-b417-a8f425c3b850
2026-08-07 14:54:33,506 INFO Sincronizacao externa concluida para loja f3ff028b-94fd-4736-859c-5ad4023504d5
2026-08-07 14:54:33,975 INFO Sincronizacao externa concluida para loja f524fb7d-ce38-4661-b417-a8f425c3b850
2026-08-07 14:55:34,526 INFO Sincronizacao externa concluida para loja f3ff028b-94fd-4736-859c-5ad4023504d5
2026-08-07 14:55:34,970 INFO Sincronizacao externa concluida para loja f524fb7d-ce38-4661-b417-a8f425c3b850
2026-08-07 14:56:35,427 INFO Sincronizacao externa concluida para loja f3ff028b-94fd-4736-859c-5ad4023504d5
2026-08-07 14:56:35,916 INFO Sincronizacao externa concluida para loja f524fb7d-ce38-4661-b417-a8f425c3b850
2026-08-07 14:57:36,617 INFO Sincronizacao externa concluida para loja f3ff028b-94fd-4736-859c-5ad4023504d5
2026-08-07 14:57:37,012 INFO Sincronizacao externa concluida para loja f524fb7d-ce38-4661-b417-a8f425c3b850
2026-08-07 14:58:37,517 INFO Sincronizacao externa concluida para loja f3ff028b-94fd-4736-859c-5ad4023504d5
2026-08-07 14:58:37,929 INFO Sincronizacao externa concluida para loja f524fb7d-ce38-4661-b417-a8f425c3b850
2026-08-07 14:59:38,408 INFO Sincronizacao externa concluida para loja f3ff028b-94fd-4736-859c-5ad4023504d5
2026-08-07 14:59:38,802 INFO Sincronizacao externa concluida para loja f524fb7d-ce38-4661-b417-a8f425c3b850
2026-08-07 15:00:39,409 INFO Sincronizacao externa concluida para loja f3ff028b-94fd-4736-859c-5ad4023504d5
2026-08-07 15:00:39,865 INFO Sincronizacao externa concluida para loja f524fb7d-ce38-4661-b417-a8f425c3b850
2026-08-07 15:01:40,459 INFO Sincronizacao externa concluida para loja f3ff028b-94fd-4736-859c-5ad4023504d5
2026-08-07 15:01:40,944 INFO Sincronizacao externa concluida para loja f524fb7d-ce38-4661-b417-a8f425c3b850
2026-08-07 15:02:41,763 INFO Sincronizacao externa concluida para loja f3ff028b-94fd-4736-859c-5ad4023504d5
2026-08-07 15:02:42,243 INFO Sincronizacao externa concluida para loja f524fb7d-ce38-4661-b417-a8f425c3b850
2026-08-07 15:03:42,685 INFO Sincronizacao externa concluida para loja f3ff028b-94fd-4736-859c-5ad4023504d5
2026-08-07 15:03:43,129 INFO Sincronizacao externa concluida para loja f524fb7d-ce38-4661-b417-a8f425c3b850
2026-08-07 15:04:43,704 INFO Sincronizacao externa concluida para loja f3ff028b-94fd-4736-859c-5ad4023504d5
2026-08-07 15:04:44,107 INFO Sincronizacao externa concluida para loja f524fb7d-ce38-4661-b417-a8f425c3b850
2026-08-07 15:05:44,591 INFO Sincronizacao externa concluida para loja f3ff028b-94fd-4736-859c-5ad4023504d5
2026-08-07 15:05:45,011 INFO Sincronizacao externa concluida para loja f524fb7d-ce38-4661-b417-a8f425c3b850
2026-08-07 15:06:45,550 INFO Sincronizacao externa concluida para loja f3ff028b-94fd-4736-859c-5ad4023504d5
2026-08-07 15:06:46,070 INFO Sincronizacao externa concluida para loja f524fb7d-ce38-4661-b417-a8f425c3b850
2026-08-07 15:07:46,754 INFO Sincronizacao externa concluida para loja f3ff028b-94fd-4736-859c-5ad4023504d5
2026-08-07 15:07:47,293 INFO Sincronizacao externa concluida para loja f524fb7d-ce38-4661-b417-a8f425c3b850
2026-08-07 15:08:48,030 INFO Sincronizacao externa concluida para loja f3ff028b-94fd-4736-859c-5ad4023504d5
2026-08-07 15:08:48,602 INFO Sincronizacao externa concluida para loja f524fb7d-ce38-4661-b417-a8f425c3b850
2026-08-07 15:09:49,070 INFO Sincronizacao externa concluida para loja f3ff028b-94fd-4736-859c-5ad4023504d5
2026-08-07 15:09:49,479 INFO Sincronizacao externa concluida para loja f524fb7d-ce38-4661-b417-a8f425c3b850
2026-08-07 15:10:49,945 INFO Sincronizacao externa concluida para loja f3ff028b-94fd-4736-859c-5ad4023504d5
2026-08-07 15:10:50,352 INFO Sincronizacao externa concluida para loja f524fb7d-ce38-4661-b417-a8f425c3b850
2026-08-07 15:11:50,858 INFO Sincronizacao externa concluida para loja f3ff028b-94fd-4736-859c-5ad4023504d5
2026-08-07 15:11:51,244 INFO Sincronizacao externa concluida para loja f524fb7d-ce38-4661-b417-a8f425c3b850
2026-08-07 15:12:52,063 INFO Sincronizacao externa concluida para loja f3ff028b-94fd-4736-859c-5ad4023504d5
2026-08-07 15:12:52,509 INFO Sincronizacao externa concluida para loja f524fb7d-ce38-4661-b417-a8f425c3b850
2026-08-07 15:13:53,000 INFO Sincronizacao externa concluida para loja f3ff028b-94fd-4736-859c-5ad4023504d5
2026-08-07 15:13:53,525 INFO Sincronizacao externa concluida para loja f524fb7d-ce38-4661-b417-a8f425c3b850
2026-08-07 15:14:54,035 INFO Sincronizacao externa concluida para loja f3ff028b-94fd-4736-859c-5ad4023504d5
2026-08-07 15:14:54,480 INFO Sincronizacao externa concluida para loja f524fb7d-ce38-4661-b417-a8f425c3b850
2026-08-07 15:15:54,964 INFO Sincronizacao externa concluida para loja f3ff028b-94fd-4736-859c-5ad4023504d5
2026-08-07 15:15:55,467 INFO Sincronizacao externa concluida para loja f524fb7d-ce38-4661-b417-a8f425c3b850
2026-08-07 15:16:56,054 INFO Sincronizacao externa concluida para loja f3ff028b-94fd-4736-859c-5ad4023504d5
2026-08-07 15:16:56,527 INFO Sincronizacao externa concluida para loja f524fb7d-ce38-4661-b417-a8f425c3b850
2026-08-07 15:17:57,157 INFO Sincronizacao externa concluida para loja f3ff028b-94fd-4736-859c-5ad4023504d5
2026-08-07 15:17:57,645 INFO Sincronizacao externa concluida para loja f524fb7d-ce38-4661-b417-a8f425c3b850
2026-08-07 15:18:58,154 INFO Sincronizacao externa concluida para loja f3ff028b-94fd-4736-859c-5ad4023504d5
2026-08-07 15:18:58,615 INFO Sincronizacao externa concluida para loja f524fb7d-ce38-4661-b417-a8f425c3b850
2026-08-07 15:19:59,067 INFO Sincronizacao externa concluida para loja f3ff028b-94fd-4736-859c-5ad4023504d5
2026-08-07 15:19:59,619 INFO Sincronizacao externa concluida para loja f524fb7d-ce38-4661-b417-a8f425c3b850
2026-08-07 15:21:00,127 INFO Sincronizacao externa concluida para loja f3ff028b-94fd-4736-859c-5ad4023504d5
2026-08-07 15:21:00,535 INFO Sincronizacao externa concluida para loja f524fb7d-ce38-4661-b417-a8f425c3b850
2026-08-07 15:22:01,338 INFO Sincronizacao externa concluida para loja f3ff028b-94fd-4736-859c-5ad4023504d5
2026-08-07 15:22:01,895 INFO Sincronizacao externa concluida para loja f524fb7d-ce38-4661-b417-a8f425c3b850
2026-08-07 15:23:02,571 INFO Sincronizacao externa concluida para loja f3ff028b-94fd-4736-859c-5ad4023504d5
2026-08-07 15:23:03,113 INFO Sincronizacao externa concluida para loja f524fb7d-ce38-4661-b417-a8f425c3b850
2026-08-07 15:24:03,550 INFO Sincronizacao externa concluida para loja f3ff028b-94fd-4736-859c-5ad4023504d5
2026-08-07 15:24:04,154 INFO Sincronizacao externa concluida para loja f524fb7d-ce38-4661-b417-a8f425c3b850
2026-08-07 15:25:04,672 INFO Sincronizacao externa concluida para loja f3ff028b-94fd-4736-859c-5ad4023504d5
2026-08-07 15:25:05,186 INFO Sincronizacao externa concluida para loja f524fb7d-ce38-4661-b417-a8f425c3b850
2026-08-07 15:26:05,673 INFO Sincronizacao externa concluida para loja f3ff028b-94fd-4736-859c-5ad4023504d5
2026-08-07 15:26:06,197 INFO Sincronizacao externa concluida para loja f524fb7d-ce38-4661-b417-a8f425c3b850
2026-08-07 15:27:06,705 INFO Sincronizacao externa concluida para loja f3ff028b-94fd-4736-859c-5ad4023504d5
2026-08-07 15:27:07,126 INFO Sincronizacao externa concluida para loja f524fb7d-ce38-4661-b417-a8f425c3b850
2026-08-07 15:28:07,789 INFO Sincronizacao externa concluida para loja f3ff028b-94fd-4736-859c-5ad4023504d5
2026-08-07 15:28:08,237 INFO Sincronizacao externa concluida para loja f524fb7d-ce38-4661-b417-a8f425c3b850
2026-08-07 15:29:08,709 INFO Sincronizacao externa concluida para loja f3ff028b-94fd-4736-859c-5ad4023504d5
2026-08-07 15:29:09,228 INFO Sincronizacao externa concluida para loja f524fb7d-ce38-4661-b417-a8f425c3b850
2026-08-07 15:30:09,681 INFO Sincronizacao externa concluida para loja f3ff028b-94fd-4736-859c-5ad4023504d5
2026-08-07 15:30:10,087 INFO Sincronizacao externa concluida para loja f524fb7d-ce38-4661-b417-a8f425c3b850
2026-08-07 15:31:10,558 INFO Sincronizacao externa concluida para loja f3ff028b-94fd-4736-859c-5ad4023504d5
2026-08-07 15:31:10,961 INFO Sincronizacao externa concluida para loja f524fb7d-ce38-4661-b417-a8f425c3b850
2026-08-07 15:32:11,505 INFO Sincronizacao externa concluida para loja f3ff028b-94fd-4736-859c-5ad4023504d5
2026-08-07 15:32:11,966 INFO Sincronizacao externa concluida para loja f524fb7d-ce38-4661-b417-a8f425c3b850
2026-08-07 15:33:12,668 INFO Sincronizacao externa concluida para loja f3ff028b-94fd-4736-859c-5ad4023504d5
2026-08-07 15:33:13,121 INFO Sincronizacao externa concluida para loja f524fb7d-ce38-4661-b417-a8f425c3b850
2026-08-07 15:34:13,576 INFO Sincronizacao externa concluida para loja f3ff028b-94fd-4736-859c-5ad4023504d5
2026-08-07 15:34:14,025 INFO Sincronizacao externa concluida para loja f524fb7d-ce38-4661-b417-a8f425c3b850
2026-08-07 15:35:14,595 INFO Sincronizacao externa concluida para loja f3ff028b-94fd-4736-859c-5ad4023504d5
2026-08-07 15:35:15,027 INFO Sincronizacao externa concluida para loja f524fb7d-ce38-4661-b417-a8f425c3b850
2026-08-07 15:36:15,515 INFO Sincronizacao externa concluida para loja f3ff028b-94fd-4736-859c-5ad4023504d5
2026-08-07 15:36:16,005 INFO Sincronizacao externa concluida para loja f524fb7d-ce38-4661-b417-a8f425c3b850
2026-08-07 15:37:16,523 INFO Sincronizacao externa concluida para loja f3ff028b-94fd-4736-859c-5ad4023504d5
2026-08-07 15:37:16,976 INFO Sincronizacao externa concluida para loja f524fb7d-ce38-4661-b417-a8f425c3b850
2026-08-07 15:38:17,619 INFO Sincronizacao externa concluida para loja f3ff028b-94fd-4736-859c-5ad4023504d5
2026-08-07 15:38:18,109 INFO Sincronizacao externa concluida para loja f524fb7d-ce38-4661-b417-a8f425c3b850
2026-08-07 15:39:18,582 INFO Sincronizacao externa concluida para loja f3ff028b-94fd-4736-859c-5ad4023504d5
2026-08-07 15:39:19,054 INFO Sincronizacao externa concluida para loja f524fb7d-ce38-4661-b417-a8f425c3b850
2026-08-07 15:40:19,528 INFO Sincronizacao externa concluida para loja f3ff028b-94fd-4736-859c-5ad4023504d5
2026-08-07 15:40:19,990 INFO Sincronizacao externa concluida para loja f524fb7d-ce38-4661-b417-a8f425c3b850
2026-08-07 15:41:20,443 INFO Sincronizacao externa concluida para loja f3ff028b-94fd-4736-859c-5ad4023504d5
2026-08-07 15:41:20,928 INFO Sincronizacao externa concluida para loja f524fb7d-ce38-4661-b417-a8f425c3b850
2026-08-07 15:42:21,414 INFO Sincronizacao externa concluida para loja f3ff028b-94fd-4736-859c-5ad4023504d5
2026-08-07 15:42:21,820 INFO Sincronizacao externa concluida para loja f524fb7d-ce38-4661-b417-a8f425c3b850
2026-08-07 15:43:22,631 INFO Sincronizacao externa concluida para loja f3ff028b-94fd-4736-859c-5ad4023504d5
2026-08-07 15:43:23,205 INFO Sincronizacao externa concluida para loja f524fb7d-ce38-4661-b417-a8f425c3b850
2026-08-07 15:44:23,768 INFO Sincronizacao externa concluida para loja f3ff028b-94fd-4736-859c-5ad4023504d5
2026-08-07 15:44:24,178 INFO Sincronizacao externa concluida para loja f524fb7d-ce38-4661-b417-a8f425c3b850
2026-08-07 15:45:24,689 INFO Sincronizacao externa concluida para loja f3ff028b-94fd-4736-859c-5ad4023504d5
2026-08-07 15:45:25,156 INFO Sincronizacao externa concluida para loja f524fb7d-ce38-4661-b417-a8f425c3b850
2026-08-07 15:46:25,700 INFO Sincronizacao externa concluida para loja f3ff028b-94fd-4736-859c-5ad4023504d5
2026-08-07 15:46:26,174 INFO Sincronizacao externa concluida para loja f524fb7d-ce38-4661-b417-a8f425c3b850
2026-08-07 15:47:26,737 INFO Sincronizacao externa concluida para loja f3ff028b-94fd-4736-859c-5ad4023504d5
2026-08-07 15:47:27,284 INFO Sincronizacao externa concluida para loja f524fb7d-ce38-4661-b417-a8f425c3b850
2026-08-07 15:48:27,965 INFO Sincronizacao externa concluida para loja f3ff028b-94fd-4736-859c-5ad4023504d5
2026-08-07 15:48:28,378 INFO Sincronizacao externa concluida para loja f524fb7d-ce38-4661-b417-a8f425c3b850
2026-08-07 15:49:29,012 INFO Sincronizacao externa concluida para loja f3ff028b-94fd-4736-859c-5ad4023504d5
2026-08-07 15:49:29,427 INFO Sincronizacao externa concluida para loja f524fb7d-ce38-4661-b417-a8f425c3b850
2026-08-07 15:50:29,892 INFO Sincronizacao externa concluida para loja f3ff028b-94fd-4736-859c-5ad4023504d5
2026-08-07 15:50:30,345 INFO Sincronizacao externa concluida para loja f524fb7d-ce38-4661-b417-a8f425c3b850
2026-08-07 15:51:30,825 INFO Sincronizacao externa concluida para loja f3ff028b-94fd-4736-859c-5ad4023504d5
2026-08-07 15:51:31,313 INFO Sincronizacao externa concluida para loja f524fb7d-ce38-4661-b417-a8f425c3b850
2026-08-07 15:52:31,801 INFO Sincronizacao externa concluida para loja f3ff028b-94fd-4736-859c-5ad4023504d5
2026-08-07 15:52:32,262 INFO Sincronizacao externa concluida para loja f524fb7d-ce38-4661-b417-a8f425c3b850
2026-08-07 15:53:32,902 INFO Sincronizacao externa concluida para loja f3ff028b-94fd-4736-859c-5ad4023504d5
2026-08-07 15:53:33,435 INFO Sincronizacao externa concluida para loja f524fb7d-ce38-4661-b417-a8f425c3b850
2026-08-07 15:54:34,117 INFO Sincronizacao externa concluida para loja f3ff028b-94fd-4736-859c-5ad4023504d5
2026-08-07 15:54:35,940 INFO Sincronizacao externa concluida para loja f524fb7d-ce38-4661-b417-a8f425c3b850
2026-08-07 15:55:36,469 INFO Sincronizacao externa concluida para loja f3ff028b-94fd-4736-859c-5ad4023504d5
2026-08-07 15:55:36,903 INFO Sincronizacao externa concluida para loja f524fb7d-ce38-4661-b417-a8f425c3b850
2026-08-07 15:56:37,410 INFO Sincronizacao externa concluida para loja f3ff028b-94fd-4736-859c-5ad4023504d5
2026-08-07 15:56:37,897 INFO Sincronizacao externa concluida para loja f524fb7d-ce38-4661-b417-a8f425c3b850
2026-08-07 15:57:38,426 INFO Sincronizacao externa concluida para loja f3ff028b-94fd-4736-859c-5ad4023504d5
2026-08-07 15:57:38,869 INFO Sincronizacao externa concluida para loja f524fb7d-ce38-4661-b417-a8f425c3b850
2026-08-07 15:58:39,613 INFO Sincronizacao externa concluida para loja f3ff028b-94fd-4736-859c-5ad4023504d5
2026-08-07 15:58:40,020 INFO Sincronizacao externa concluida para loja f524fb7d-ce38-4661-b417-a8f425c3b850
2026-08-07 15:59:40,623 INFO Sincronizacao externa concluida para loja f3ff028b-94fd-4736-859c-5ad4023504d5
2026-08-07 15:59:41,210 INFO Sincronizacao externa concluida para loja f524fb7d-ce38-4661-b417-a8f425c3b850
2026-08-07 16:00:41,861 INFO Sincronizacao externa concluida para loja f3ff028b-94fd-4736-859c-5ad4023504d5
2026-08-07 16:00:42,272 INFO Sincronizacao externa concluida para loja f524fb7d-ce38-4661-b417-a8f425c3b850
2026-08-07 16:01:42,815 INFO Sincronizacao externa concluida para loja f3ff028b-94fd-4736-859c-5ad4023504d5
2026-08-07 16:01:43,242 INFO Sincronizacao externa concluida para loja f524fb7d-ce38-4661-b417-a8f425c3b850
2026-08-07 16:02:43,718 INFO Sincronizacao externa concluida para loja f3ff028b-94fd-4736-859c-5ad4023504d5
2026-08-07 16:02:44,313 INFO Sincronizacao externa concluida para loja f524fb7d-ce38-4661-b417-a8f425c3b850
2026-08-07 16:03:45,023 INFO Sincronizacao externa concluida para loja f3ff028b-94fd-4736-859c-5ad4023504d5
2026-08-07 16:03:45,476 INFO Sincronizacao externa concluida para loja f524fb7d-ce38-4661-b417-a8f425c3b850
2026-08-07 16:04:46,150 INFO Sincronizacao externa concluida para loja f3ff028b-94fd-4736-859c-5ad4023504d5
2026-08-07 16:04:46,620 INFO Sincronizacao externa concluida para loja f524fb7d-ce38-4661-b417-a8f425c3b850
2026-08-07 16:05:47,131 INFO Sincronizacao externa concluida para loja f3ff028b-94fd-4736-859c-5ad4023504d5
2026-08-07 16:05:47,658 INFO Sincronizacao externa concluida para loja f524fb7d-ce38-4661-b417-a8f425c3b850
2026-08-07 16:06:48,291 INFO Sincronizacao externa concluida para loja f3ff028b-94fd-4736-859c-5ad4023504d5
2026-08-07 16:06:48,738 INFO Sincronizacao externa concluida para loja f524fb7d-ce38-4661-b417-a8f425c3b850
2026-08-07 16:07:49,247 INFO Sincronizacao externa concluida para loja f3ff028b-94fd-4736-859c-5ad4023504d5
2026-08-07 16:07:49,764 INFO Sincronizacao externa concluida para loja f524fb7d-ce38-4661-b417-a8f425c3b850
2026-08-07 16:08:50,487 INFO Sincronizacao externa concluida para loja f3ff028b-94fd-4736-859c-5ad4023504d5
2026-08-07 16:08:50,920 INFO Sincronizacao externa concluida para loja f524fb7d-ce38-4661-b417-a8f425c3b850
2026-08-07 16:09:51,393 INFO Sincronizacao externa concluida para loja f3ff028b-94fd-4736-859c-5ad4023504d5
2026-08-07 16:09:51,825 INFO Sincronizacao externa concluida para loja f524fb7d-ce38-4661-b417-a8f425c3b850
2026-08-07 16:10:52,380 INFO Sincronizacao externa concluida para loja f3ff028b-94fd-4736-859c-5ad4023504d5
2026-08-07 16:10:52,836 INFO Sincronizacao externa concluida para loja f524fb7d-ce38-4661-b417-a8f425c3b850
2026-08-07 16:11:53,343 INFO Sincronizacao externa concluida para loja f3ff028b-94fd-4736-859c-5ad4023504d5
2026-08-07 16:11:53,896 INFO Sincronizacao externa concluida para loja f524fb7d-ce38-4661-b417-a8f425c3b850
2026-08-07 16:12:54,407 INFO Sincronizacao externa concluida para loja f3ff028b-94fd-4736-859c-5ad4023504d5
2026-08-07 16:12:54,912 INFO Sincronizacao externa concluida para loja f524fb7d-ce38-4661-b417-a8f425c3b850
2026-08-07 16:13:55,579 INFO Sincronizacao externa concluida para loja f3ff028b-94fd-4736-859c-5ad4023504d5
2026-08-07 16:13:55,995 INFO Sincronizacao externa concluida para loja f524fb7d-ce38-4661-b417-a8f425c3b850
2026-08-07 16:14:56,499 INFO Sincronizacao externa concluida para loja f3ff028b-94fd-4736-859c-5ad4023504d5
2026-08-07 16:14:57,005 INFO Sincronizacao externa concluida para loja f524fb7d-ce38-4661-b417-a8f425c3b850
2026-08-07 16:15:57,540 INFO Sincronizacao externa concluida para loja f3ff028b-94fd-4736-859c-5ad4023504d5
2026-08-07 16:15:57,977 INFO Sincronizacao externa concluida para loja f524fb7d-ce38-4661-b417-a8f425c3b850
2026-08-07 16:16:58,439 INFO Sincronizacao externa concluida para loja f3ff028b-94fd-4736-859c-5ad4023504d5
2026-08-07 16:16:58,838 INFO Sincronizacao externa concluida para loja f524fb7d-ce38-4661-b417-a8f425c3b850
2026-08-07 16:17:59,281 INFO Sincronizacao externa concluida para loja f3ff028b-94fd-4736-859c-5ad4023504d5
2026-08-07 16:17:59,749 INFO Sincronizacao externa concluida para loja f524fb7d-ce38-4661-b417-a8f425c3b850
2026-08-07 16:19:00,266 INFO Sincronizacao externa concluida para loja f3ff028b-94fd-4736-859c-5ad4023504d5
2026-08-07 16:19:00,754 INFO Sincronizacao externa concluida para loja f524fb7d-ce38-4661-b417-a8f425c3b850
2026-08-07 16:20:01,305 INFO Sincronizacao externa concluida para loja f3ff028b-94fd-4736-859c-5ad4023504d5
2026-08-07 16:20:02,031 INFO Sincronizacao externa concluida para loja f524fb7d-ce38-4661-b417-a8f425c3b850
2026-08-07 16:21:02,555 INFO Sincronizacao externa concluida para loja f3ff028b-94fd-4736-859c-5ad4023504d5
2026-08-07 16:21:02,977 INFO Sincronizacao externa concluida para loja f524fb7d-ce38-4661-b417-a8f425c3b850
2026-08-07 16:22:03,495 INFO Sincronizacao externa concluida para loja f3ff028b-94fd-4736-859c-5ad4023504d5
2026-08-07 16:22:03,942 INFO Sincronizacao externa concluida para loja f524fb7d-ce38-4661-b417-a8f425c3b850
2026-08-07 16:23:04,487 INFO Sincronizacao externa concluida para loja f3ff028b-94fd-4736-859c-5ad4023504d5
2026-08-07 16:23:04,950 INFO Sincronizacao externa concluida para loja f524fb7d-ce38-4661-b417-a8f425c3b850
2026-08-07 16:24:05,403 INFO Sincronizacao externa concluida para loja f3ff028b-94fd-4736-859c-5ad4023504d5
2026-08-07 16:24:05,886 INFO Sincronizacao externa concluida para loja f524fb7d-ce38-4661-b417-a8f425c3b850
2026-08-07 16:25:06,464 INFO Sincronizacao externa concluida para loja f3ff028b-94fd-4736-859c-5ad4023504d5
2026-08-07 16:25:06,947 INFO Sincronizacao externa concluida para loja f524fb7d-ce38-4661-b417-a8f425c3b850
2026-08-07 16:26:07,475 INFO Sincronizacao externa concluida para loja f3ff028b-94fd-4736-859c-5ad4023504d5
2026-08-07 16:26:07,901 INFO Sincronizacao externa concluida para loja f524fb7d-ce38-4661-b417-a8f425c3b850
2026-08-07 16:27:08,471 INFO Sincronizacao externa concluida para loja f3ff028b-94fd-4736-859c-5ad4023504d5
2026-08-07 16:27:08,873 INFO Sincronizacao externa concluida para loja f524fb7d-ce38-4661-b417-a8f425c3b850
2026-08-07 16:28:09,455 INFO Sincronizacao externa concluida para loja f3ff028b-94fd-4736-859c-5ad4023504d5
2026-08-07 16:28:09,904 INFO Sincronizacao externa concluida para loja f524fb7d-ce38-4661-b417-a8f425c3b850
2026-08-07 16:29:10,489 INFO Sincronizacao externa concluida para loja f3ff028b-94fd-4736-859c-5ad4023504d5
2026-08-07 16:29:10,959 INFO Sincronizacao externa concluida para loja f524fb7d-ce38-4661-b417-a8f425c3b850
2026-08-07 16:30:11,439 INFO Sincronizacao externa concluida para loja f3ff028b-94fd-4736-859c-5ad4023504d5
2026-08-07 16:30:11,865 INFO Sincronizacao externa concluida para loja f524fb7d-ce38-4661-b417-a8f425c3b850
2026-08-07 16:31:12,399 INFO Sincronizacao externa concluida para loja f3ff028b-94fd-4736-859c-5ad4023504d5
2026-08-07 16:31:12,866 INFO Sincronizacao externa concluida para loja f524fb7d-ce38-4661-b417-a8f425c3b850
2026-08-07 16:32:13,384 INFO Sincronizacao externa concluida para loja f3ff028b-94fd-4736-859c-5ad4023504d5
2026-08-07 16:32:13,823 INFO Sincronizacao externa concluida para loja f524fb7d-ce38-4661-b417-a8f425c3b850
2026-08-07 16:33:14,592 INFO Sincronizacao externa concluida para loja f3ff028b-94fd-4736-859c-5ad4023504d5
2026-08-07 16:33:15,070 INFO Sincronizacao externa concluida para loja f524fb7d-ce38-4661-b417-a8f425c3b850
2026-08-07 16:34:15,477 INFO Sincronizacao externa concluida para loja f3ff028b-94fd-4736-859c-5ad4023504d5
2026-08-07 16:34:16,000 INFO Sincronizacao externa concluida para loja f524fb7d-ce38-4661-b417-a8f425c3b850
2026-08-07 16:35:16,577 INFO Sincronizacao externa concluida para loja f3ff028b-94fd-4736-859c-5ad4023504d5
2026-08-07 16:35:17,027 INFO Sincronizacao externa concluida para loja f524fb7d-ce38-4661-b417-a8f425c3b850
2026-08-07 16:36:17,481 INFO Sincronizacao externa concluida para loja f3ff028b-94fd-4736-859c-5ad4023504d5
2026-08-07 16:36:17,938 INFO Sincronizacao externa concluida para loja f524fb7d-ce38-4661-b417-a8f425c3b850
2026-08-07 16:37:18,454 INFO Sincronizacao externa concluida para loja f3ff028b-94fd-4736-859c-5ad4023504d5
2026-08-07 16:37:18,875 INFO Sincronizacao externa concluida para loja f524fb7d-ce38-4661-b417-a8f425c3b850
2026-08-07 16:38:19,584 INFO Sincronizacao externa concluida para loja f3ff028b-94fd-4736-859c-5ad4023504d5
2026-08-07 16:38:20,092 INFO Sincronizacao externa concluida para loja f524fb7d-ce38-4661-b417-a8f425c3b850
2026-08-07 16:39:20,602 INFO Sincronizacao externa concluida para loja f3ff028b-94fd-4736-859c-5ad4023504d5
2026-08-07 16:39:21,005 INFO Sincronizacao externa concluida para loja f524fb7d-ce38-4661-b417-a8f425c3b850
2026-08-07 16:40:21,512 INFO Sincronizacao externa concluida para loja f3ff028b-94fd-4736-859c-5ad4023504d5
2026-08-07 16:40:21,937 INFO Sincronizacao externa concluida para loja f524fb7d-ce38-4661-b417-a8f425c3b850
2026-08-07 16:41:22,407 INFO Sincronizacao externa concluida para loja f3ff028b-94fd-4736-859c-5ad4023504d5
2026-08-07 16:41:22,887 INFO Sincronizacao externa concluida para loja f524fb7d-ce38-4661-b417-a8f425c3b850
2026-08-07 16:42:23,422 INFO Sincronizacao externa concluida para loja f3ff028b-94fd-4736-859c-5ad4023504d5
2026-08-07 16:42:23,923 INFO Sincronizacao externa concluida para loja f524fb7d-ce38-4661-b417-a8f425c3b850
2026-08-07 16:43:24,625 INFO Sincronizacao externa concluida para loja f3ff028b-94fd-4736-859c-5ad4023504d5
2026-08-07 16:43:25,070 INFO Sincronizacao externa concluida para loja f524fb7d-ce38-4661-b417-a8f425c3b850
2026-08-07 16:44:25,472 INFO Sincronizacao externa concluida para loja f3ff028b-94fd-4736-859c-5ad4023504d5
2026-08-07 16:44:25,876 INFO Sincronizacao externa concluida para loja f524fb7d-ce38-4661-b417-a8f425c3b850
2026-08-07 16:45:26,461 INFO Sincronizacao externa concluida para loja f3ff028b-94fd-4736-859c-5ad4023504d5
2026-08-07 16:45:26,927 INFO Sincronizacao externa concluida para loja f524fb7d-ce38-4661-b417-a8f425c3b850
2026-08-07 16:46:27,410 INFO Sincronizacao externa concluida para loja f3ff028b-94fd-4736-859c-5ad4023504d5
2026-08-07 16:46:27,867 INFO Sincronizacao externa concluida para loja f524fb7d-ce38-4661-b417-a8f425c3b850
2026-08-07 16:47:28,436 INFO Sincronizacao externa concluida para loja f3ff028b-94fd-4736-859c-5ad4023504d5
2026-08-07 16:47:29,028 INFO Sincronizacao externa concluida para loja f524fb7d-ce38-4661-b417-a8f425c3b850
2026-08-07 16:48:29,657 INFO Sincronizacao externa concluida para loja f3ff028b-94fd-4736-859c-5ad4023504d5
2026-08-07 16:48:30,155 INFO Sincronizacao externa concluida para loja f524fb7d-ce38-4661-b417-a8f425c3b850
2026-08-07 16:49:30,633 INFO Sincronizacao externa concluida para loja f3ff028b-94fd-4736-859c-5ad4023504d5
2026-08-07 16:49:31,165 INFO Sincronizacao externa concluida para loja f524fb7d-ce38-4661-b417-a8f425c3b850
2026-08-07 16:50:31,666 INFO Sincronizacao externa concluida para loja f3ff028b-94fd-4736-859c-5ad4023504d5
2026-08-07 16:50:32,092 INFO Sincronizacao externa concluida para loja f524fb7d-ce38-4661-b417-a8f425c3b850
2026-08-07 16:51:32,694 INFO Sincronizacao externa concluida para loja f3ff028b-94fd-4736-859c-5ad4023504d5
2026-08-07 16:51:33,156 INFO Sincronizacao externa concluida para loja f524fb7d-ce38-4661-b417-a8f425c3b850
2026-08-07 16:52:33,836 INFO Sincronizacao externa concluida para loja f3ff028b-94fd-4736-859c-5ad4023504d5
2026-08-07 16:52:34,276 INFO Sincronizacao externa concluida para loja f524fb7d-ce38-4661-b417-a8f425c3b850
2026-08-07 16:53:35,030 INFO Sincronizacao externa concluida para loja f3ff028b-94fd-4736-859c-5ad4023504d5
2026-08-07 16:53:35,489 INFO Sincronizacao externa concluida para loja f524fb7d-ce38-4661-b417-a8f425c3b850
2026-08-07 16:54:36,028 INFO Sincronizacao externa concluida para loja f3ff028b-94fd-4736-859c-5ad4023504d5
2026-08-07 16:54:36,449 INFO Sincronizacao externa concluida para loja f524fb7d-ce38-4661-b417-a8f425c3b850
2026-08-07 16:55:36,959 INFO Sincronizacao externa concluida para loja f3ff028b-94fd-4736-859c-5ad4023504d5
2026-08-07 16:55:37,680 INFO Sincronizacao externa concluida para loja f524fb7d-ce38-4661-b417-a8f425c3b850
2026-08-07 16:56:38,176 INFO Sincronizacao externa concluida para loja f3ff028b-94fd-4736-859c-5ad4023504d5
2026-08-07 16:56:38,638 INFO Sincronizacao externa concluida para loja f524fb7d-ce38-4661-b417-a8f425c3b850
2026-08-07 16:57:39,322 INFO Sincronizacao externa concluida para loja f3ff028b-94fd-4736-859c-5ad4023504d5
2026-08-07 16:57:39,754 INFO Sincronizacao externa concluida para loja f524fb7d-ce38-4661-b417-a8f425c3b850
2026-08-07 16:58:40,406 INFO Sincronizacao externa concluida para loja f3ff028b-94fd-4736-859c-5ad4023504d5
2026-08-07 16:58:40,905 INFO Sincronizacao externa concluida para loja f524fb7d-ce38-4661-b417-a8f425c3b850
2026-08-07 16:59:41,379 INFO Sincronizacao externa concluida para loja f3ff028b-94fd-4736-859c-5ad4023504d5
2026-08-07 16:59:41,797 INFO Sincronizacao externa concluida para loja f524fb7d-ce38-4661-b417-a8f425c3b850
2026-08-07 17:00:42,321 INFO Sincronizacao externa concluida para loja f3ff028b-94fd-4736-859c-5ad4023504d5
2026-08-07 17:00:42,742 INFO Sincronizacao externa concluida para loja f524fb7d-ce38-4661-b417-a8f425c3b850
2026-08-07 17:01:43,230 INFO Sincronizacao externa concluida para loja f3ff028b-94fd-4736-859c-5ad4023504d5
2026-08-07 17:01:43,658 INFO Sincronizacao externa concluida para loja f524fb7d-ce38-4661-b417-a8f425c3b850
2026-08-07 17:02:44,267 INFO Sincronizacao externa concluida para loja f3ff028b-94fd-4736-859c-5ad4023504d5
2026-08-07 17:02:44,782 INFO Sincronizacao externa concluida para loja f524fb7d-ce38-4661-b417-a8f425c3b850
2026-08-07 17:03:45,550 INFO Sincronizacao externa concluida para loja f3ff028b-94fd-4736-859c-5ad4023504d5
2026-08-07 17:03:46,035 INFO Sincronizacao externa concluida para loja f524fb7d-ce38-4661-b417-a8f425c3b850
2026-08-07 17:04:46,510 INFO Sincronizacao externa concluida para loja f3ff028b-94fd-4736-859c-5ad4023504d5
2026-08-07 17:04:46,929 INFO Sincronizacao externa concluida para loja f524fb7d-ce38-4661-b417-a8f425c3b850
2026-08-07 17:05:47,415 INFO Sincronizacao externa concluida para loja f3ff028b-94fd-4736-859c-5ad4023504d5
2026-08-07 17:05:47,904 INFO Sincronizacao externa concluida para loja f524fb7d-ce38-4661-b417-a8f425c3b850
2026-08-07 17:06:48,476 INFO Sincronizacao externa concluida para loja f3ff028b-94fd-4736-859c-5ad4023504d5
2026-08-07 17:06:48,941 INFO Sincronizacao externa concluida para loja f524fb7d-ce38-4661-b417-a8f425c3b850
2026-08-07 17:07:49,331 INFO Sincronizacao externa concluida para loja f3ff028b-94fd-4736-859c-5ad4023504d5
2026-08-07 17:07:49,766 INFO Sincronizacao externa concluida para loja f524fb7d-ce38-4661-b417-a8f425c3b850
2026-08-07 17:08:50,471 INFO Sincronizacao externa concluida para loja f3ff028b-94fd-4736-859c-5ad4023504d5
2026-08-07 17:08:50,947 INFO Sincronizacao externa concluida para loja f524fb7d-ce38-4661-b417-a8f425c3b850
2026-08-07 17:09:51,367 INFO Sincronizacao externa concluida para loja f3ff028b-94fd-4736-859c-5ad4023504d5
2026-08-07 17:09:51,824 INFO Sincronizacao externa concluida para loja f524fb7d-ce38-4661-b417-a8f425c3b850
2026-08-07 17:10:52,357 INFO Sincronizacao externa concluida para loja f3ff028b-94fd-4736-859c-5ad4023504d5
2026-08-07 17:10:52,767 INFO Sincronizacao externa concluida para loja f524fb7d-ce38-4661-b417-a8f425c3b850
2026-08-07 17:11:53,245 INFO Sincronizacao externa concluida para loja f3ff028b-94fd-4736-859c-5ad4023504d5
2026-08-07 17:11:53,726 INFO Sincronizacao externa concluida para loja f524fb7d-ce38-4661-b417-a8f425c3b850
2026-08-07 17:12:54,257 INFO Sincronizacao externa concluida para loja f3ff028b-94fd-4736-859c-5ad4023504d5
2026-08-07 17:12:54,595 INFO Sincronizacao externa concluida para loja f524fb7d-ce38-4661-b417-a8f425c3b850
2026-08-07 17:13:55,203 INFO Sincronizacao externa concluida para loja f3ff028b-94fd-4736-859c-5ad4023504d5
2026-08-07 17:13:55,652 INFO Sincronizacao externa concluida para loja f524fb7d-ce38-4661-b417-a8f425c3b850
2026-08-07 17:14:56,194 INFO Sincronizacao externa concluida para loja f3ff028b-94fd-4736-859c-5ad4023504d5
2026-08-07 17:14:56,642 INFO Sincronizacao externa concluida para loja f524fb7d-ce38-4661-b417-a8f425c3b850
2026-08-07 17:15:57,071 INFO Sincronizacao externa concluida para loja f3ff028b-94fd-4736-859c-5ad4023504d5
2026-08-07 17:15:57,505 INFO Sincronizacao externa concluida para loja f524fb7d-ce38-4661-b417-a8f425c3b850
2026-08-07 17:16:57,993 INFO Sincronizacao externa concluida para loja f3ff028b-94fd-4736-859c-5ad4023504d5
2026-08-07 17:16:58,447 INFO Sincronizacao externa concluida para loja f524fb7d-ce38-4661-b417-a8f425c3b850
2026-08-07 17:17:58,962 INFO Sincronizacao externa concluida para loja f3ff028b-94fd-4736-859c-5ad4023504d5
2026-08-07 17:17:59,368 INFO Sincronizacao externa concluida para loja f524fb7d-ce38-4661-b417-a8f425c3b850
2026-08-07 17:19:00,053 INFO Sincronizacao externa concluida para loja f3ff028b-94fd-4736-859c-5ad4023504d5
2026-08-07 17:19:00,534 INFO Sincronizacao externa concluida para loja f524fb7d-ce38-4661-b417-a8f425c3b850
2026-08-07 17:20:01,142 INFO Sincronizacao externa concluida para loja f3ff028b-94fd-4736-859c-5ad4023504d5
2026-08-07 17:20:01,614 INFO Sincronizacao externa concluida para loja f524fb7d-ce38-4661-b417-a8f425c3b850
2026-08-07 17:21:02,330 INFO Sincronizacao externa concluida para loja f3ff028b-94fd-4736-859c-5ad4023504d5
2026-08-07 17:21:02,816 INFO Sincronizacao externa concluida para loja f524fb7d-ce38-4661-b417-a8f425c3b850
2026-08-07 17:22:03,418 INFO Sincronizacao externa concluida para loja f3ff028b-94fd-4736-859c-5ad4023504d5
2026-08-07 17:22:03,968 INFO Sincronizacao externa concluida para loja f524fb7d-ce38-4661-b417-a8f425c3b850
2026-08-07 17:23:04,475 INFO Sincronizacao externa concluida para loja f3ff028b-94fd-4736-859c-5ad4023504d5
2026-08-07 17:23:05,225 INFO Sincronizacao externa concluida para loja f524fb7d-ce38-4661-b417-a8f425c3b850
2026-08-07 17:24:05,899 INFO Sincronizacao externa concluida para loja f3ff028b-94fd-4736-859c-5ad4023504d5
2026-08-07 17:24:06,335 INFO Sincronizacao externa concluida para loja f524fb7d-ce38-4661-b417-a8f425c3b850
2026-08-07 17:25:06,845 INFO Sincronizacao externa concluida para loja f3ff028b-94fd-4736-859c-5ad4023504d5
2026-08-07 17:25:07,305 INFO Sincronizacao externa concluida para loja f524fb7d-ce38-4661-b417-a8f425c3b850
2026-08-07 17:26:07,831 INFO Sincronizacao externa concluida para loja f3ff028b-94fd-4736-859c-5ad4023504d5
2026-08-07 17:26:08,303 INFO Sincronizacao externa concluida para loja f524fb7d-ce38-4661-b417-a8f425c3b850
2026-08-07 17:27:08,756 INFO Sincronizacao externa concluida para loja f3ff028b-94fd-4736-859c-5ad4023504d5
2026-08-07 17:27:09,150 INFO Sincronizacao externa concluida para loja f524fb7d-ce38-4661-b417-a8f425c3b850
2026-08-07 17:28:09,644 INFO Sincronizacao externa concluida para loja f3ff028b-94fd-4736-859c-5ad4023504d5
2026-08-07 17:28:10,056 INFO Sincronizacao externa concluida para loja f524fb7d-ce38-4661-b417-a8f425c3b850
2026-08-07 17:29:10,715 INFO Sincronizacao externa concluida para loja f3ff028b-94fd-4736-859c-5ad4023504d5
2026-08-07 17:29:11,223 INFO Sincronizacao externa concluida para loja f524fb7d-ce38-4661-b417-a8f425c3b850
2026-08-07 17:30:11,635 INFO Sincronizacao externa concluida para loja f3ff028b-94fd-4736-859c-5ad4023504d5
2026-08-07 17:30:12,101 INFO Sincronizacao externa concluida para loja f524fb7d-ce38-4661-b417-a8f425c3b850
2026-08-07 17:31:12,675 INFO Sincronizacao externa concluida para loja f3ff028b-94fd-4736-859c-5ad4023504d5
2026-08-07 17:31:13,180 INFO Sincronizacao externa concluida para loja f524fb7d-ce38-4661-b417-a8f425c3b850
2026-08-07 17:32:13,668 INFO Sincronizacao externa concluida para loja f3ff028b-94fd-4736-859c-5ad4023504d5
2026-08-07 17:32:14,107 INFO Sincronizacao externa concluida para loja f524fb7d-ce38-4661-b417-a8f425c3b850
2026-08-07 17:33:14,803 INFO Sincronizacao externa concluida para loja f3ff028b-94fd-4736-859c-5ad4023504d5
2026-08-07 17:33:15,223 INFO Sincronizacao externa concluida para loja f524fb7d-ce38-4661-b417-a8f425c3b850
2026-08-07 17:34:15,958 INFO Sincronizacao externa concluida para loja f3ff028b-94fd-4736-859c-5ad4023504d5
2026-08-07 17:34:16,437 INFO Sincronizacao externa concluida para loja f524fb7d-ce38-4661-b417-a8f425c3b850
2026-08-07 17:35:17,009 INFO Sincronizacao externa concluida para loja f3ff028b-94fd-4736-859c-5ad4023504d5
2026-08-07 17:35:17,482 INFO Sincronizacao externa concluida para loja f524fb7d-ce38-4661-b417-a8f425c3b850
2026-08-07 17:36:17,932 INFO Sincronizacao externa concluida para loja f3ff028b-94fd-4736-859c-5ad4023504d5
2026-08-07 17:36:18,398 INFO Sincronizacao externa concluida para loja f524fb7d-ce38-4661-b417-a8f425c3b850
2026-08-07 17:37:18,915 INFO Sincronizacao externa concluida para loja f3ff028b-94fd-4736-859c-5ad4023504d5
2026-08-07 17:37:19,323 INFO Sincronizacao externa concluida para loja f524fb7d-ce38-4661-b417-a8f425c3b850
2026-08-07 17:38:19,863 INFO Sincronizacao externa concluida para loja f3ff028b-94fd-4736-859c-5ad4023504d5
2026-08-07 17:38:20,340 INFO Sincronizacao externa concluida para loja f524fb7d-ce38-4661-b417-a8f425c3b850
2026-08-07 17:39:20,984 INFO Sincronizacao externa concluida para loja f3ff028b-94fd-4736-859c-5ad4023504d5
2026-08-07 17:39:21,385 INFO Sincronizacao externa concluida para loja f524fb7d-ce38-4661-b417-a8f425c3b850
2026-08-07 17:40:21,838 INFO Sincronizacao externa concluida para loja f3ff028b-94fd-4736-859c-5ad4023504d5
2026-08-07 17:40:22,273 INFO Sincronizacao externa concluida para loja f524fb7d-ce38-4661-b417-a8f425c3b850
2026-08-07 17:41:22,771 INFO Sincronizacao externa concluida para loja f3ff028b-94fd-4736-859c-5ad4023504d5
2026-08-07 17:41:23,246 INFO Sincronizacao externa concluida para loja f524fb7d-ce38-4661-b417-a8f425c3b850
2026-08-07 17:42:23,843 INFO Sincronizacao externa concluida para loja f3ff028b-94fd-4736-859c-5ad4023504d5
2026-08-07 17:42:24,304 INFO Sincronizacao externa concluida para loja f524fb7d-ce38-4661-b417-a8f425c3b850
2026-08-07 17:43:24,983 INFO Sincronizacao externa concluida para loja f3ff028b-94fd-4736-859c-5ad4023504d5
2026-08-07 17:43:25,490 INFO Sincronizacao externa concluida para loja f524fb7d-ce38-4661-b417-a8f425c3b850
2026-08-07 17:44:26,144 INFO Sincronizacao externa concluida para loja f3ff028b-94fd-4736-859c-5ad4023504d5
2026-08-07 17:44:26,817 INFO Sincronizacao externa concluida para loja f524fb7d-ce38-4661-b417-a8f425c3b850
2026-08-07 17:45:27,388 INFO Sincronizacao externa concluida para loja f3ff028b-94fd-4736-859c-5ad4023504d5
2026-08-07 17:45:27,828 INFO Sincronizacao externa concluida para loja f524fb7d-ce38-4661-b417-a8f425c3b850
2026-08-07 17:46:28,288 INFO Sincronizacao externa concluida para loja f3ff028b-94fd-4736-859c-5ad4023504d5
2026-08-07 17:46:28,760 INFO Sincronizacao externa concluida para loja f524fb7d-ce38-4661-b417-a8f425c3b850
2026-08-07 17:47:29,273 INFO Sincronizacao externa concluida para loja f3ff028b-94fd-4736-859c-5ad4023504d5
2026-08-07 17:47:29,765 INFO Sincronizacao externa concluida para loja f524fb7d-ce38-4661-b417-a8f425c3b850
2026-08-07 17:48:30,358 INFO Sincronizacao externa concluida para loja f3ff028b-94fd-4736-859c-5ad4023504d5
2026-08-07 17:48:30,799 INFO Sincronizacao externa concluida para loja f524fb7d-ce38-4661-b417-a8f425c3b850
2026-08-07 17:49:31,568 INFO Sincronizacao externa concluida para loja f3ff028b-94fd-4736-859c-5ad4023504d5
2026-08-07 17:49:32,012 INFO Sincronizacao externa concluida para loja f524fb7d-ce38-4661-b417-a8f425c3b850
2026-08-07 17:50:32,498 INFO Sincronizacao externa concluida para loja f3ff028b-94fd-4736-859c-5ad4023504d5
2026-08-07 17:50:32,982 INFO Sincronizacao externa concluida para loja f524fb7d-ce38-4661-b417-a8f425c3b850
2026-08-07 17:51:33,470 INFO Sincronizacao externa concluida para loja f3ff028b-94fd-4736-859c-5ad4023504d5
2026-08-07 17:51:33,899 INFO Sincronizacao externa concluida para loja f524fb7d-ce38-4661-b417-a8f425c3b850
2026-08-07 17:52:34,526 INFO Sincronizacao externa concluida para loja f3ff028b-94fd-4736-859c-5ad4023504d5
2026-08-07 17:52:34,943 INFO Sincronizacao externa concluida para loja f524fb7d-ce38-4661-b417-a8f425c3b850
2026-08-07 17:53:35,461 INFO Sincronizacao externa concluida para loja f3ff028b-94fd-4736-859c-5ad4023504d5
2026-08-07 17:53:35,906 INFO Sincronizacao externa concluida para loja f524fb7d-ce38-4661-b417-a8f425c3b850
2026-08-07 17:54:36,632 INFO Sincronizacao externa concluida para loja f3ff028b-94fd-4736-859c-5ad4023504d5
2026-08-07 17:54:37,149 INFO Sincronizacao externa concluida para loja f524fb7d-ce38-4661-b417-a8f425c3b850
2026-08-07 17:55:37,746 INFO Sincronizacao externa concluida para loja f3ff028b-94fd-4736-859c-5ad4023504d5
2026-08-07 17:55:38,240 INFO Sincronizacao externa concluida para loja f524fb7d-ce38-4661-b417-a8f425c3b850
2026-08-07 17:56:38,725 INFO Sincronizacao externa concluida para loja f3ff028b-94fd-4736-859c-5ad4023504d5
2026-08-07 17:56:39,141 INFO Sincronizacao externa concluida para loja f524fb7d-ce38-4661-b417-a8f425c3b850
2026-08-07 17:57:39,662 INFO Sincronizacao externa concluida para loja f3ff028b-94fd-4736-859c-5ad4023504d5
2026-08-07 17:57:40,080 INFO Sincronizacao externa concluida para loja f524fb7d-ce38-4661-b417-a8f425c3b850
2026-08-07 17:58:40,557 INFO Sincronizacao externa concluida para loja f3ff028b-94fd-4736-859c-5ad4023504d5
2026-08-07 17:58:40,964 INFO Sincronizacao externa concluida para loja f524fb7d-ce38-4661-b417-a8f425c3b850
2026-08-07 17:59:41,671 INFO Sincronizacao externa concluida para loja f3ff028b-94fd-4736-859c-5ad4023504d5
2026-08-07 17:59:42,065 INFO Sincronizacao externa concluida para loja f524fb7d-ce38-4661-b417-a8f425c3b850
2026-08-07 18:00:42,706 INFO Sincronizacao externa concluida para loja f3ff028b-94fd-4736-859c-5ad4023504d5
2026-08-07 18:00:43,165 INFO Sincronizacao externa concluida para loja f524fb7d-ce38-4661-b417-a8f425c3b850
2026-08-07 18:01:43,631 INFO Sincronizacao externa concluida para loja f3ff028b-94fd-4736-859c-5ad4023504d5
2026-08-07 18:01:44,087 INFO Sincronizacao externa concluida para loja f524fb7d-ce38-4661-b417-a8f425c3b850
2026-08-07 18:02:44,553 INFO Sincronizacao externa concluida para loja f3ff028b-94fd-4736-859c-5ad4023504d5
2026-08-07 18:02:44,950 INFO Sincronizacao externa concluida para loja f524fb7d-ce38-4661-b417-a8f425c3b850
2026-08-07 18:03:45,476 INFO Sincronizacao externa concluida para loja f3ff028b-94fd-4736-859c-5ad4023504d5
2026-08-07 18:03:45,870 INFO Sincronizacao externa concluida para loja f524fb7d-ce38-4661-b417-a8f425c3b850
2026-08-07 18:04:46,667 INFO Sincronizacao externa concluida para loja f3ff028b-94fd-4736-859c-5ad4023504d5
2026-08-07 18:04:47,127 INFO Sincronizacao externa concluida para loja f524fb7d-ce38-4661-b417-a8f425c3b850
2026-08-07 18:05:47,677 INFO Sincronizacao externa concluida para loja f3ff028b-94fd-4736-859c-5ad4023504d5
2026-08-07 18:05:48,094 INFO Sincronizacao externa concluida para loja f524fb7d-ce38-4661-b417-a8f425c3b850
2026-08-07 18:06:48,614 INFO Sincronizacao externa concluida para loja f3ff028b-94fd-4736-859c-5ad4023504d5
2026-08-07 18:06:49,065 INFO Sincronizacao externa concluida para loja f524fb7d-ce38-4661-b417-a8f425c3b850
2026-08-07 18:07:49,503 INFO Sincronizacao externa concluida para loja f3ff028b-94fd-4736-859c-5ad4023504d5
2026-08-07 18:07:49,906 INFO Sincronizacao externa concluida para loja f524fb7d-ce38-4661-b417-a8f425c3b850
2026-08-07 18:08:50,400 INFO Sincronizacao externa concluida para loja f3ff028b-94fd-4736-859c-5ad4023504d5
2026-08-07 18:08:50,821 INFO Sincronizacao externa concluida para loja f524fb7d-ce38-4661-b417-a8f425c3b850
2026-08-07 18:09:51,420 INFO Sincronizacao externa concluida para loja f3ff028b-94fd-4736-859c-5ad4023504d5
2026-08-07 18:09:51,868 INFO Sincronizacao externa concluida para loja f524fb7d-ce38-4661-b417-a8f425c3b850
2026-08-07 18:10:52,404 INFO Sincronizacao externa concluida para loja f3ff028b-94fd-4736-859c-5ad4023504d5
2026-08-07 18:10:52,821 INFO Sincronizacao externa concluida para loja f524fb7d-ce38-4661-b417-a8f425c3b850
2026-08-07 18:11:53,368 INFO Sincronizacao externa concluida para loja f3ff028b-94fd-4736-859c-5ad4023504d5
2026-08-07 18:11:53,784 INFO Sincronizacao externa concluida para loja f524fb7d-ce38-4661-b417-a8f425c3b850
2026-08-07 18:12:54,407 INFO Sincronizacao externa concluida para loja f3ff028b-94fd-4736-859c-5ad4023504d5
2026-08-07 18:12:54,843 INFO Sincronizacao externa concluida para loja f524fb7d-ce38-4661-b417-a8f425c3b850
2026-08-07 18:13:55,457 INFO Sincronizacao externa concluida para loja f3ff028b-94fd-4736-859c-5ad4023504d5
2026-08-07 18:13:56,017 INFO Sincronizacao externa concluida para loja f524fb7d-ce38-4661-b417-a8f425c3b850
2026-08-07 18:14:56,741 INFO Sincronizacao externa concluida para loja f3ff028b-94fd-4736-859c-5ad4023504d5
2026-08-07 18:14:57,204 INFO Sincronizacao externa concluida para loja f524fb7d-ce38-4661-b417-a8f425c3b850
2026-08-07 18:15:57,653 INFO Sincronizacao externa concluida para loja f3ff028b-94fd-4736-859c-5ad4023504d5
2026-08-07 18:15:58,056 INFO Sincronizacao externa concluida para loja f524fb7d-ce38-4661-b417-a8f425c3b850
2026-08-07 18:16:58,586 INFO Sincronizacao externa concluida para loja f3ff028b-94fd-4736-859c-5ad4023504d5
2026-08-07 18:16:59,004 INFO Sincronizacao externa concluida para loja f524fb7d-ce38-4661-b417-a8f425c3b850
2026-08-07 18:17:59,498 INFO Sincronizacao externa concluida para loja f3ff028b-94fd-4736-859c-5ad4023504d5
2026-08-07 18:17:59,913 INFO Sincronizacao externa concluida para loja f524fb7d-ce38-4661-b417-a8f425c3b850
2026-08-07 18:19:00,409 INFO Sincronizacao externa concluida para loja f3ff028b-94fd-4736-859c-5ad4023504d5
2026-08-07 18:19:00,988 INFO Sincronizacao externa concluida para loja f524fb7d-ce38-4661-b417-a8f425c3b850
2026-08-07 18:20:01,796 INFO Sincronizacao externa concluida para loja f3ff028b-94fd-4736-859c-5ad4023504d5
2026-08-07 18:20:02,220 INFO Sincronizacao externa concluida para loja f524fb7d-ce38-4661-b417-a8f425c3b850
2026-08-07 18:21:02,692 INFO Sincronizacao externa concluida para loja f3ff028b-94fd-4736-859c-5ad4023504d5
2026-08-07 18:21:03,135 INFO Sincronizacao externa concluida para loja f524fb7d-ce38-4661-b417-a8f425c3b850
2026-08-07 18:22:03,564 INFO Sincronizacao externa concluida para loja f3ff028b-94fd-4736-859c-5ad4023504d5
2026-08-07 18:22:04,009 INFO Sincronizacao externa concluida para loja f524fb7d-ce38-4661-b417-a8f425c3b850
2026-08-07 18:23:04,506 INFO Sincronizacao externa concluida para loja f3ff028b-94fd-4736-859c-5ad4023504d5
2026-08-07 18:23:04,968 INFO Sincronizacao externa concluida para loja f524fb7d-ce38-4661-b417-a8f425c3b850
2026-08-07 18:24:05,550 INFO Sincronizacao externa concluida para loja f3ff028b-94fd-4736-859c-5ad4023504d5
2026-08-07 18:24:05,940 INFO Sincronizacao externa concluida para loja f524fb7d-ce38-4661-b417-a8f425c3b850
2026-08-07 18:25:06,610 INFO Sincronizacao externa concluida para loja f3ff028b-94fd-4736-859c-5ad4023504d5
2026-08-07 18:25:07,050 INFO Sincronizacao externa concluida para loja f524fb7d-ce38-4661-b417-a8f425c3b850
2026-08-07 18:26:07,607 INFO Sincronizacao externa concluida para loja f3ff028b-94fd-4736-859c-5ad4023504d5
2026-08-07 18:26:08,041 INFO Sincronizacao externa concluida para loja f524fb7d-ce38-4661-b417-a8f425c3b850
2026-08-07 18:27:08,541 INFO Sincronizacao externa concluida para loja f3ff028b-94fd-4736-859c-5ad4023504d5
2026-08-07 18:27:08,983 INFO Sincronizacao externa concluida para loja f524fb7d-ce38-4661-b417-a8f425c3b850
2026-08-07 18:28:09,385 INFO Sincronizacao externa concluida para loja f3ff028b-94fd-4736-859c-5ad4023504d5
2026-08-07 18:28:09,824 INFO Sincronizacao externa concluida para loja f524fb7d-ce38-4661-b417-a8f425c3b850
2026-08-07 18:29:10,302 INFO Sincronizacao externa concluida para loja f3ff028b-94fd-4736-859c-5ad4023504d5
2026-08-07 18:29:10,769 INFO Sincronizacao externa concluida para loja f524fb7d-ce38-4661-b417-a8f425c3b850
2026-08-07 18:30:11,457 INFO Sincronizacao externa concluida para loja f3ff028b-94fd-4736-859c-5ad4023504d5
2026-08-07 18:30:11,967 INFO Sincronizacao externa concluida para loja f524fb7d-ce38-4661-b417-a8f425c3b850
2026-08-07 18:31:12,455 INFO Sincronizacao externa concluida para loja f3ff028b-94fd-4736-859c-5ad4023504d5
2026-08-07 18:31:12,921 INFO Sincronizacao externa concluida para loja f524fb7d-ce38-4661-b417-a8f425c3b850
2026-08-07 18:32:13,391 INFO Sincronizacao externa concluida para loja f3ff028b-94fd-4736-859c-5ad4023504d5
2026-08-07 18:32:13,878 INFO Sincronizacao externa concluida para loja f524fb7d-ce38-4661-b417-a8f425c3b850
2026-08-07 18:33:14,431 INFO Sincronizacao externa concluida para loja f3ff028b-94fd-4736-859c-5ad4023504d5
2026-08-07 18:33:14,961 INFO Sincronizacao externa concluida para loja f524fb7d-ce38-4661-b417-a8f425c3b850
2026-08-07 18:34:15,446 INFO Sincronizacao externa concluida para loja f3ff028b-94fd-4736-859c-5ad4023504d5
2026-08-07 18:34:15,968 INFO Sincronizacao externa concluida para loja f524fb7d-ce38-4661-b417-a8f425c3b850
2026-08-07 18:35:16,866 INFO Sincronizacao externa concluida para loja f3ff028b-94fd-4736-859c-5ad4023504d5
2026-08-07 18:35:17,296 INFO Sincronizacao externa concluida para loja f524fb7d-ce38-4661-b417-a8f425c3b850
2026-08-07 18:36:19,889 INFO Sincronizacao externa concluida para loja f3ff028b-94fd-4736-859c-5ad4023504d5
2026-08-07 18:36:20,500 INFO Sincronizacao externa concluida para loja f524fb7d-ce38-4661-b417-a8f425c3b850
2026-08-07 18:37:21,008 INFO Sincronizacao externa concluida para loja f3ff028b-94fd-4736-859c-5ad4023504d5
2026-08-07 18:37:21,382 INFO Sincronizacao externa concluida para loja f524fb7d-ce38-4661-b417-a8f425c3b850
2026-08-07 18:38:21,894 INFO Sincronizacao externa concluida para loja f3ff028b-94fd-4736-859c-5ad4023504d5
2026-08-07 18:38:22,321 INFO Sincronizacao externa concluida para loja f524fb7d-ce38-4661-b417-a8f425c3b850
2026-08-07 18:39:22,887 INFO Sincronizacao externa concluida para loja f3ff028b-94fd-4736-859c-5ad4023504d5
2026-08-07 18:39:23,347 INFO Sincronizacao externa concluida para loja f524fb7d-ce38-4661-b417-a8f425c3b850
2026-08-07 18:40:23,979 INFO Sincronizacao externa concluida para loja f3ff028b-94fd-4736-859c-5ad4023504d5
2026-08-07 18:40:24,427 INFO Sincronizacao externa concluida para loja f524fb7d-ce38-4661-b417-a8f425c3b850
2026-08-07 18:41:24,890 INFO Sincronizacao externa concluida para loja f3ff028b-94fd-4736-859c-5ad4023504d5
2026-08-07 18:41:25,292 INFO Sincronizacao externa concluida para loja f524fb7d-ce38-4661-b417-a8f425c3b850
2026-08-07 18:42:25,750 INFO Sincronizacao externa concluida para loja f3ff028b-94fd-4736-859c-5ad4023504d5
2026-08-07 18:42:26,162 INFO Sincronizacao externa concluida para loja f524fb7d-ce38-4661-b417-a8f425c3b850
2026-08-07 18:43:26,629 INFO Sincronizacao externa concluida para loja f3ff028b-94fd-4736-859c-5ad4023504d5
2026-08-07 18:43:27,097 INFO Sincronizacao externa concluida para loja f524fb7d-ce38-4661-b417-a8f425c3b850
2026-08-07 18:44:27,586 INFO Sincronizacao externa concluida para loja f3ff028b-94fd-4736-859c-5ad4023504d5
2026-08-07 18:44:28,042 INFO Sincronizacao externa concluida para loja f524fb7d-ce38-4661-b417-a8f425c3b850
2026-08-07 18:45:28,837 INFO Sincronizacao externa concluida para loja f3ff028b-94fd-4736-859c-5ad4023504d5
2026-08-07 18:45:29,274 INFO Sincronizacao externa concluida para loja f524fb7d-ce38-4661-b417-a8f425c3b850
2026-08-07 18:46:29,700 INFO Sincronizacao externa concluida para loja f3ff028b-94fd-4736-859c-5ad4023504d5
2026-08-07 18:46:30,158 INFO Sincronizacao externa concluida para loja f524fb7d-ce38-4661-b417-a8f425c3b850
2026-08-07 18:47:30,697 INFO Sincronizacao externa concluida para loja f3ff028b-94fd-4736-859c-5ad4023504d5
2026-08-07 18:47:32,452 INFO Sincronizacao externa concluida para loja f524fb7d-ce38-4661-b417-a8f425c3b850
2026-08-07 18:48:32,937 INFO Sincronizacao externa concluida para loja f3ff028b-94fd-4736-859c-5ad4023504d5
2026-08-07 18:48:33,333 INFO Sincronizacao externa concluida para loja f524fb7d-ce38-4661-b417-a8f425c3b850
2026-08-07 18:49:33,895 INFO Sincronizacao externa concluida para loja f3ff028b-94fd-4736-859c-5ad4023504d5
2026-08-07 18:49:34,350 INFO Sincronizacao externa concluida para loja f524fb7d-ce38-4661-b417-a8f425c3b850
2026-08-07 18:50:35,159 INFO Sincronizacao externa concluida para loja f3ff028b-94fd-4736-859c-5ad4023504d5
2026-08-07 18:50:35,633 INFO Sincronizacao externa concluida para loja f524fb7d-ce38-4661-b417-a8f425c3b850
2026-08-07 18:51:36,215 INFO Sincronizacao externa concluida para loja f3ff028b-94fd-4736-859c-5ad4023504d5
2026-08-07 18:51:36,639 INFO Sincronizacao externa concluida para loja f524fb7d-ce38-4661-b417-a8f425c3b850
2026-08-07 18:52:37,110 INFO Sincronizacao externa concluida para loja f3ff028b-94fd-4736-859c-5ad4023504d5
2026-08-07 18:52:37,525 INFO Sincronizacao externa concluida para loja f524fb7d-ce38-4661-b417-a8f425c3b850
2026-08-07 18:53:38,097 INFO Sincronizacao externa concluida para loja f3ff028b-94fd-4736-859c-5ad4023504d5
2026-08-07 18:53:38,579 INFO Sincronizacao externa concluida para loja f524fb7d-ce38-4661-b417-a8f425c3b850
2026-08-07 18:54:39,034 INFO Sincronizacao externa concluida para loja f3ff028b-94fd-4736-859c-5ad4023504d5
2026-08-07 18:54:39,510 INFO Sincronizacao externa concluida para loja f524fb7d-ce38-4661-b417-a8f425c3b850
2026-08-07 18:55:40,234 INFO Sincronizacao externa concluida para loja f3ff028b-94fd-4736-859c-5ad4023504d5
2026-08-07 18:55:40,745 INFO Sincronizacao externa concluida para loja f524fb7d-ce38-4661-b417-a8f425c3b850
2026-08-07 18:56:41,229 INFO Sincronizacao externa concluida para loja f3ff028b-94fd-4736-859c-5ad4023504d5
2026-08-07 18:56:41,770 INFO Sincronizacao externa concluida para loja f524fb7d-ce38-4661-b417-a8f425c3b850
2026-08-07 18:57:42,270 INFO Sincronizacao externa concluida para loja f3ff028b-94fd-4736-859c-5ad4023504d5
2026-08-07 18:57:42,661 INFO Sincronizacao externa concluida para loja f524fb7d-ce38-4661-b417-a8f425c3b850
2026-08-07 18:58:43,136 INFO Sincronizacao externa concluida para loja f3ff028b-94fd-4736-859c-5ad4023504d5
2026-08-07 18:58:43,566 INFO Sincronizacao externa concluida para loja f524fb7d-ce38-4661-b417-a8f425c3b850
2026-08-07 18:59:44,100 INFO Sincronizacao externa concluida para loja f3ff028b-94fd-4736-859c-5ad4023504d5
2026-08-07 18:59:44,522 INFO Sincronizacao externa concluida para loja f524fb7d-ce38-4661-b417-a8f425c3b850
2026-08-07 19:00:45,439 INFO Sincronizacao externa concluida para loja f3ff028b-94fd-4736-859c-5ad4023504d5
2026-08-07 19:00:46,095 INFO Sincronizacao externa concluida para loja f524fb7d-ce38-4661-b417-a8f425c3b850
2026-08-07 19:01:46,654 INFO Sincronizacao externa concluida para loja f3ff028b-94fd-4736-859c-5ad4023504d5
2026-08-07 19:01:47,073 INFO Sincronizacao externa concluida para loja f524fb7d-ce38-4661-b417-a8f425c3b850
2026-08-07 19:02:47,721 INFO Sincronizacao externa concluida para loja f3ff028b-94fd-4736-859c-5ad4023504d5
2026-08-07 19:02:48,222 INFO Sincronizacao externa concluida para loja f524fb7d-ce38-4661-b417-a8f425c3b850
2026-08-07 19:03:48,699 INFO Sincronizacao externa concluida para loja f3ff028b-94fd-4736-859c-5ad4023504d5
2026-08-07 19:03:49,101 INFO Sincronizacao externa concluida para loja f524fb7d-ce38-4661-b417-a8f425c3b850
2026-08-07 19:04:49,614 INFO Sincronizacao externa concluida para loja f3ff028b-94fd-4736-859c-5ad4023504d5
2026-08-07 19:04:50,076 INFO Sincronizacao externa concluida para loja f524fb7d-ce38-4661-b417-a8f425c3b850
2026-08-07 19:05:50,745 INFO Sincronizacao externa concluida para loja f3ff028b-94fd-4736-859c-5ad4023504d5
2026-08-07 19:05:51,230 INFO Sincronizacao externa concluida para loja f524fb7d-ce38-4661-b417-a8f425c3b850
2026-08-07 19:06:51,686 INFO Sincronizacao externa concluida para loja f3ff028b-94fd-4736-859c-5ad4023504d5
2026-08-07 19:06:52,111 INFO Sincronizacao externa concluida para loja f524fb7d-ce38-4661-b417-a8f425c3b850
2026-08-07 19:07:52,566 INFO Sincronizacao externa concluida para loja f3ff028b-94fd-4736-859c-5ad4023504d5
2026-08-07 19:07:53,036 INFO Sincronizacao externa concluida para loja f524fb7d-ce38-4661-b417-a8f425c3b850
2026-08-07 19:08:53,534 INFO Sincronizacao externa concluida para loja f3ff028b-94fd-4736-859c-5ad4023504d5
2026-08-07 19:08:54,010 INFO Sincronizacao externa concluida para loja f524fb7d-ce38-4661-b417-a8f425c3b850
2026-08-07 19:09:54,452 INFO Sincronizacao externa concluida para loja f3ff028b-94fd-4736-859c-5ad4023504d5
2026-08-07 19:09:54,911 INFO Sincronizacao externa concluida para loja f524fb7d-ce38-4661-b417-a8f425c3b850
2026-08-07 19:10:55,798 INFO Sincronizacao externa concluida para loja f3ff028b-94fd-4736-859c-5ad4023504d5
2026-08-07 19:10:56,215 INFO Sincronizacao externa concluida para loja f524fb7d-ce38-4661-b417-a8f425c3b850
2026-08-07 19:11:56,715 INFO Sincronizacao externa concluida para loja f3ff028b-94fd-4736-859c-5ad4023504d5
2026-08-07 19:11:57,168 INFO Sincronizacao externa concluida para loja f524fb7d-ce38-4661-b417-a8f425c3b850
2026-08-07 19:12:57,695 INFO Sincronizacao externa concluida para loja f3ff028b-94fd-4736-859c-5ad4023504d5
2026-08-07 19:12:58,090 INFO Sincronizacao externa concluida para loja f524fb7d-ce38-4661-b417-a8f425c3b850
2026-08-07 19:13:58,734 INFO Sincronizacao externa concluida para loja f3ff028b-94fd-4736-859c-5ad4023504d5
2026-08-07 19:13:59,339 INFO Sincronizacao externa concluida para loja f524fb7d-ce38-4661-b417-a8f425c3b850
2026-08-07 19:14:59,967 INFO Sincronizacao externa concluida para loja f3ff028b-94fd-4736-859c-5ad4023504d5
2026-08-07 19:15:00,354 INFO Sincronizacao externa concluida para loja f524fb7d-ce38-4661-b417-a8f425c3b850
2026-08-07 19:16:01,260 INFO Sincronizacao externa concluida para loja f3ff028b-94fd-4736-859c-5ad4023504d5
2026-08-07 19:16:01,690 INFO Sincronizacao externa concluida para loja f524fb7d-ce38-4661-b417-a8f425c3b850
2026-08-07 19:17:02,231 INFO Sincronizacao externa concluida para loja f3ff028b-94fd-4736-859c-5ad4023504d5
2026-08-07 19:17:02,703 INFO Sincronizacao externa concluida para loja f524fb7d-ce38-4661-b417-a8f425c3b850
2026-08-07 19:18:03,146 INFO Sincronizacao externa concluida para loja f3ff028b-94fd-4736-859c-5ad4023504d5
2026-08-07 19:18:03,556 INFO Sincronizacao externa concluida para loja f524fb7d-ce38-4661-b417-a8f425c3b850
2026-08-07 19:19:04,063 INFO Sincronizacao externa concluida para loja f3ff028b-94fd-4736-859c-5ad4023504d5
2026-08-07 19:19:04,480 INFO Sincronizacao externa concluida para loja f524fb7d-ce38-4661-b417-a8f425c3b850
2026-08-07 19:20:05,113 INFO Sincronizacao externa concluida para loja f3ff028b-94fd-4736-859c-5ad4023504d5
2026-08-07 19:20:05,552 INFO Sincronizacao externa concluida para loja f524fb7d-ce38-4661-b417-a8f425c3b850
2026-08-07 19:21:06,253 INFO Sincronizacao externa concluida para loja f3ff028b-94fd-4736-859c-5ad4023504d5
2026-08-07 19:21:06,698 INFO Sincronizacao externa concluida para loja f524fb7d-ce38-4661-b417-a8f425c3b850
2026-08-07 19:22:07,314 INFO Sincronizacao externa concluida para loja f3ff028b-94fd-4736-859c-5ad4023504d5
2026-08-07 19:22:07,764 INFO Sincronizacao externa concluida para loja f524fb7d-ce38-4661-b417-a8f425c3b850
2026-08-07 19:23:08,277 INFO Sincronizacao externa concluida para loja f3ff028b-94fd-4736-859c-5ad4023504d5
2026-08-07 19:23:08,826 INFO Sincronizacao externa concluida para loja f524fb7d-ce38-4661-b417-a8f425c3b850
2026-08-07 19:24:09,402 INFO Sincronizacao externa concluida para loja f3ff028b-94fd-4736-859c-5ad4023504d5
2026-08-07 19:24:09,825 INFO Sincronizacao externa concluida para loja f524fb7d-ce38-4661-b417-a8f425c3b850
2026-08-07 19:25:10,358 INFO Sincronizacao externa concluida para loja f3ff028b-94fd-4736-859c-5ad4023504d5
2026-08-07 19:25:10,851 INFO Sincronizacao externa concluida para loja f524fb7d-ce38-4661-b417-a8f425c3b850
2026-08-07 19:26:11,468 INFO Sincronizacao externa concluida para loja f3ff028b-94fd-4736-859c-5ad4023504d5
2026-08-07 19:26:11,929 INFO Sincronizacao externa concluida para loja f524fb7d-ce38-4661-b417-a8f425c3b850
2026-08-07 19:27:12,427 INFO Sincronizacao externa concluida para loja f3ff028b-94fd-4736-859c-5ad4023504d5
2026-08-07 19:27:12,898 INFO Sincronizacao externa concluida para loja f524fb7d-ce38-4661-b417-a8f425c3b850
2026-08-07 19:28:13,542 INFO Sincronizacao externa concluida para loja f3ff028b-94fd-4736-859c-5ad4023504d5
2026-08-07 19:28:14,097 INFO Sincronizacao externa concluida para loja f524fb7d-ce38-4661-b417-a8f425c3b850
2026-08-07 19:29:14,654 INFO Sincronizacao externa concluida para loja f3ff028b-94fd-4736-859c-5ad4023504d5
2026-08-07 19:29:15,224 INFO Sincronizacao externa concluida para loja f524fb7d-ce38-4661-b417-a8f425c3b850
2026-08-07 19:30:15,837 INFO Sincronizacao externa concluida para loja f3ff028b-94fd-4736-859c-5ad4023504d5
2026-08-07 19:30:16,438 INFO Sincronizacao externa concluida para loja f524fb7d-ce38-4661-b417-a8f425c3b850
2026-08-07 19:31:17,265 INFO Sincronizacao externa concluida para loja f3ff028b-94fd-4736-859c-5ad4023504d5
2026-08-07 19:31:17,668 INFO Sincronizacao externa concluida para loja f524fb7d-ce38-4661-b417-a8f425c3b850
2026-08-07 19:32:18,126 INFO Sincronizacao externa concluida para loja f3ff028b-94fd-4736-859c-5ad4023504d5
2026-08-07 19:32:18,563 INFO Sincronizacao externa concluida para loja f524fb7d-ce38-4661-b417-a8f425c3b850
2026-08-07 19:33:19,214 INFO Sincronizacao externa concluida para loja f3ff028b-94fd-4736-859c-5ad4023504d5
2026-08-07 19:33:19,730 INFO Sincronizacao externa concluida para loja f524fb7d-ce38-4661-b417-a8f425c3b850
2026-08-07 19:34:20,285 INFO Sincronizacao externa concluida para loja f3ff028b-94fd-4736-859c-5ad4023504d5
2026-08-07 19:34:20,729 INFO Sincronizacao externa concluida para loja f524fb7d-ce38-4661-b417-a8f425c3b850
2026-08-07 19:35:21,396 INFO Sincronizacao externa concluida para loja f3ff028b-94fd-4736-859c-5ad4023504d5
2026-08-07 19:35:22,000 INFO Sincronizacao externa concluida para loja f524fb7d-ce38-4661-b417-a8f425c3b850
2026-08-07 19:36:22,689 INFO Sincronizacao externa concluida para loja f3ff028b-94fd-4736-859c-5ad4023504d5
2026-08-07 19:36:23,263 INFO Sincronizacao externa concluida para loja f524fb7d-ce38-4661-b417-a8f425c3b850
2026-08-07 19:37:23,800 INFO Sincronizacao externa concluida para loja f3ff028b-94fd-4736-859c-5ad4023504d5
2026-08-07 19:37:24,375 INFO Sincronizacao externa concluida para loja f524fb7d-ce38-4661-b417-a8f425c3b850
2026-08-07 19:38:24,846 INFO Sincronizacao externa concluida para loja f3ff028b-94fd-4736-859c-5ad4023504d5
2026-08-07 19:38:25,342 INFO Sincronizacao externa concluida para loja f524fb7d-ce38-4661-b417-a8f425c3b850
2026-08-07 19:39:25,919 INFO Sincronizacao externa concluida para loja f3ff028b-94fd-4736-859c-5ad4023504d5
2026-08-07 19:39:26,343 INFO Sincronizacao externa concluida para loja f524fb7d-ce38-4661-b417-a8f425c3b850
2026-08-07 19:40:26,813 INFO Sincronizacao externa concluida para loja f3ff028b-94fd-4736-859c-5ad4023504d5
2026-08-07 19:40:27,290 INFO Sincronizacao externa concluida para loja f524fb7d-ce38-4661-b417-a8f425c3b850
2026-08-07 19:41:27,952 INFO Sincronizacao externa concluida para loja f3ff028b-94fd-4736-859c-5ad4023504d5
2026-08-07 19:41:28,459 INFO Sincronizacao externa concluida para loja f524fb7d-ce38-4661-b417-a8f425c3b850
2026-08-07 19:42:28,915 INFO Sincronizacao externa concluida para loja f3ff028b-94fd-4736-859c-5ad4023504d5
2026-08-07 19:42:29,270 INFO Sincronizacao externa concluida para loja f524fb7d-ce38-4661-b417-a8f425c3b850
2026-08-07 19:43:29,852 INFO Sincronizacao externa concluida para loja f3ff028b-94fd-4736-859c-5ad4023504d5
2026-08-07 19:43:30,307 INFO Sincronizacao externa concluida para loja f524fb7d-ce38-4661-b417-a8f425c3b850
2026-08-07 19:44:30,815 INFO Sincronizacao externa concluida para loja f3ff028b-94fd-4736-859c-5ad4023504d5
2026-08-07 19:44:31,252 INFO Sincronizacao externa concluida para loja f524fb7d-ce38-4661-b417-a8f425c3b850
2026-08-07 19:45:31,807 INFO Sincronizacao externa concluida para loja f3ff028b-94fd-4736-859c-5ad4023504d5
2026-08-07 19:45:32,229 INFO Sincronizacao externa concluida para loja f524fb7d-ce38-4661-b417-a8f425c3b850
2026-08-07 19:46:32,885 INFO Sincronizacao externa concluida para loja f3ff028b-94fd-4736-859c-5ad4023504d5
2026-08-07 19:46:33,328 INFO Sincronizacao externa concluida para loja f524fb7d-ce38-4661-b417-a8f425c3b850
2026-08-07 19:47:33,851 INFO Sincronizacao externa concluida para loja f3ff028b-94fd-4736-859c-5ad4023504d5
2026-08-07 19:47:34,335 INFO Sincronizacao externa concluida para loja f524fb7d-ce38-4661-b417-a8f425c3b850
2026-08-07 19:48:34,868 INFO Sincronizacao externa concluida para loja f3ff028b-94fd-4736-859c-5ad4023504d5
2026-08-07 19:48:35,283 INFO Sincronizacao externa concluida para loja f524fb7d-ce38-4661-b417-a8f425c3b850
2026-08-07 19:49:35,803 INFO Sincronizacao externa concluida para loja f3ff028b-94fd-4736-859c-5ad4023504d5
2026-08-07 19:49:36,212 INFO Sincronizacao externa concluida para loja f524fb7d-ce38-4661-b417-a8f425c3b850
2026-08-07 19:50:36,682 INFO Sincronizacao externa concluida para loja f3ff028b-94fd-4736-859c-5ad4023504d5
2026-08-07 19:50:37,077 INFO Sincronizacao externa concluida para loja f524fb7d-ce38-4661-b417-a8f425c3b850
2026-08-07 19:51:37,829 INFO Sincronizacao externa concluida para loja f3ff028b-94fd-4736-859c-5ad4023504d5
2026-08-07 19:51:38,289 INFO Sincronizacao externa concluida para loja f524fb7d-ce38-4661-b417-a8f425c3b850
2026-08-07 19:52:38,789 INFO Sincronizacao externa concluida para loja f3ff028b-94fd-4736-859c-5ad4023504d5
2026-08-07 19:52:39,277 INFO Sincronizacao externa concluida para loja f524fb7d-ce38-4661-b417-a8f425c3b850
2026-08-07 19:53:39,820 INFO Sincronizacao externa concluida para loja f3ff028b-94fd-4736-859c-5ad4023504d5
2026-08-07 19:53:40,239 INFO Sincronizacao externa concluida para loja f524fb7d-ce38-4661-b417-a8f425c3b850
2026-08-07 19:54:40,700 INFO Sincronizacao externa concluida para loja f3ff028b-94fd-4736-859c-5ad4023504d5
2026-08-07 19:54:41,207 INFO Sincronizacao externa concluida para loja f524fb7d-ce38-4661-b417-a8f425c3b850
2026-08-07 19:55:41,685 INFO Sincronizacao externa concluida para loja f3ff028b-94fd-4736-859c-5ad4023504d5
2026-08-07 19:55:42,089 INFO Sincronizacao externa concluida para loja f524fb7d-ce38-4661-b417-a8f425c3b850
2026-08-07 19:56:42,724 INFO Sincronizacao externa concluida para loja f3ff028b-94fd-4736-859c-5ad4023504d5
2026-08-07 19:56:43,155 INFO Sincronizacao externa concluida para loja f524fb7d-ce38-4661-b417-a8f425c3b850
2026-08-07 19:57:43,640 INFO Sincronizacao externa concluida para loja f3ff028b-94fd-4736-859c-5ad4023504d5
2026-08-07 19:57:44,047 INFO Sincronizacao externa concluida para loja f524fb7d-ce38-4661-b417-a8f425c3b850
2026-08-07 19:58:44,484 INFO Sincronizacao externa concluida para loja f3ff028b-94fd-4736-859c-5ad4023504d5
2026-08-07 19:58:44,893 INFO Sincronizacao externa concluida para loja f524fb7d-ce38-4661-b417-a8f425c3b850
2026-08-07 19:59:45,448 INFO Sincronizacao externa concluida para loja f3ff028b-94fd-4736-859c-5ad4023504d5
2026-08-07 19:59:46,022 INFO Sincronizacao externa concluida para loja f524fb7d-ce38-4661-b417-a8f425c3b850
2026-08-07 20:00:46,572 INFO Sincronizacao externa concluida para loja f3ff028b-94fd-4736-859c-5ad4023504d5
2026-08-07 20:00:47,002 INFO Sincronizacao externa concluida para loja f524fb7d-ce38-4661-b417-a8f425c3b850
2026-08-07 20:01:47,718 INFO Sincronizacao externa concluida para loja f3ff028b-94fd-4736-859c-5ad4023504d5
2026-08-07 20:01:48,220 INFO Sincronizacao externa concluida para loja f524fb7d-ce38-4661-b417-a8f425c3b850
2026-08-07 20:02:48,725 INFO Sincronizacao externa concluida para loja f3ff028b-94fd-4736-859c-5ad4023504d5
2026-08-07 20:02:49,164 INFO Sincronizacao externa concluida para loja f524fb7d-ce38-4661-b417-a8f425c3b850
2026-08-07 20:03:49,653 INFO Sincronizacao externa concluida para loja f3ff028b-94fd-4736-859c-5ad4023504d5
2026-08-07 20:03:50,134 INFO Sincronizacao externa concluida para loja f524fb7d-ce38-4661-b417-a8f425c3b850
2026-08-07 20:04:50,568 INFO Sincronizacao externa concluida para loja f3ff028b-94fd-4736-859c-5ad4023504d5
2026-08-07 20:04:50,961 INFO Sincronizacao externa concluida para loja f524fb7d-ce38-4661-b417-a8f425c3b850
2026-08-07 20:05:51,435 INFO Sincronizacao externa concluida para loja f3ff028b-94fd-4736-859c-5ad4023504d5
2026-08-07 20:05:51,939 INFO Sincronizacao externa concluida para loja f524fb7d-ce38-4661-b417-a8f425c3b850
2026-08-07 20:06:52,654 INFO Sincronizacao externa concluida para loja f3ff028b-94fd-4736-859c-5ad4023504d5
2026-08-07 20:06:53,064 INFO Sincronizacao externa concluida para loja f524fb7d-ce38-4661-b417-a8f425c3b850
2026-08-07 20:07:53,501 INFO Sincronizacao externa concluida para loja f3ff028b-94fd-4736-859c-5ad4023504d5
2026-08-07 20:07:54,009 INFO Sincronizacao externa concluida para loja f524fb7d-ce38-4661-b417-a8f425c3b850
2026-08-07 20:08:54,548 INFO Sincronizacao externa concluida para loja f3ff028b-94fd-4736-859c-5ad4023504d5
2026-08-07 20:08:55,004 INFO Sincronizacao externa concluida para loja f524fb7d-ce38-4661-b417-a8f425c3b850
2026-08-07 20:09:55,460 INFO Sincronizacao externa concluida para loja f3ff028b-94fd-4736-859c-5ad4023504d5
2026-08-07 20:09:55,904 INFO Sincronizacao externa concluida para loja f524fb7d-ce38-4661-b417-a8f425c3b850
2026-08-07 20:10:56,605 INFO Sincronizacao externa concluida para loja f3ff028b-94fd-4736-859c-5ad4023504d5
2026-08-07 20:10:57,059 INFO Sincronizacao externa concluida para loja f524fb7d-ce38-4661-b417-a8f425c3b850
2026-08-07 20:11:57,675 INFO Sincronizacao externa concluida para loja f3ff028b-94fd-4736-859c-5ad4023504d5
2026-08-07 20:11:58,134 INFO Sincronizacao externa concluida para loja f524fb7d-ce38-4661-b417-a8f425c3b850
2026-08-07 20:12:58,648 INFO Sincronizacao externa concluida para loja f3ff028b-94fd-4736-859c-5ad4023504d5
2026-08-07 20:12:59,060 INFO Sincronizacao externa concluida para loja f524fb7d-ce38-4661-b417-a8f425c3b850
2026-08-07 20:13:59,534 INFO Sincronizacao externa concluida para loja f3ff028b-94fd-4736-859c-5ad4023504d5
2026-08-07 20:13:59,932 INFO Sincronizacao externa concluida para loja f524fb7d-ce38-4661-b417-a8f425c3b850
2026-08-07 20:15:00,482 INFO Sincronizacao externa concluida para loja f3ff028b-94fd-4736-859c-5ad4023504d5
2026-08-07 20:15:01,317 INFO Sincronizacao externa concluida para loja f524fb7d-ce38-4661-b417-a8f425c3b850
2026-08-07 20:16:01,796 INFO Sincronizacao externa concluida para loja f3ff028b-94fd-4736-859c-5ad4023504d5
2026-08-07 20:16:02,384 INFO Sincronizacao externa concluida para loja f524fb7d-ce38-4661-b417-a8f425c3b850
2026-08-07 20:17:03,099 INFO Sincronizacao externa concluida para loja f3ff028b-94fd-4736-859c-5ad4023504d5
2026-08-07 20:17:03,550 INFO Sincronizacao externa concluida para loja f524fb7d-ce38-4661-b417-a8f425c3b850
2026-08-07 20:18:04,049 INFO Sincronizacao externa concluida para loja f3ff028b-94fd-4736-859c-5ad4023504d5
2026-08-07 20:18:04,523 INFO Sincronizacao externa concluida para loja f524fb7d-ce38-4661-b417-a8f425c3b850
2026-08-07 20:19:05,023 INFO Sincronizacao externa concluida para loja f3ff028b-94fd-4736-859c-5ad4023504d5
2026-08-07 20:19:05,492 INFO Sincronizacao externa concluida para loja f524fb7d-ce38-4661-b417-a8f425c3b850
2026-08-07 20:20:06,091 INFO Sincronizacao externa concluida para loja f3ff028b-94fd-4736-859c-5ad4023504d5
2026-08-07 20:20:06,553 INFO Sincronizacao externa concluida para loja f524fb7d-ce38-4661-b417-a8f425c3b850
2026-08-07 20:21:07,067 INFO Sincronizacao externa concluida para loja f3ff028b-94fd-4736-859c-5ad4023504d5
2026-08-07 20:21:07,479 INFO Sincronizacao externa concluida para loja f524fb7d-ce38-4661-b417-a8f425c3b850
2026-08-07 20:22:08,104 INFO Sincronizacao externa concluida para loja f3ff028b-94fd-4736-859c-5ad4023504d5
2026-08-07 20:22:08,554 INFO Sincronizacao externa concluida para loja f524fb7d-ce38-4661-b417-a8f425c3b850
2026-08-07 20:23:09,133 INFO Sincronizacao externa concluida para loja f3ff028b-94fd-4736-859c-5ad4023504d5
2026-08-07 20:23:09,566 INFO Sincronizacao externa concluida para loja f524fb7d-ce38-4661-b417-a8f425c3b850
2026-08-07 20:24:10,063 INFO Sincronizacao externa concluida para loja f3ff028b-94fd-4736-859c-5ad4023504d5
2026-08-07 20:24:10,494 INFO Sincronizacao externa concluida para loja f524fb7d-ce38-4661-b417-a8f425c3b850
2026-08-07 20:25:11,004 INFO Sincronizacao externa concluida para loja f3ff028b-94fd-4736-859c-5ad4023504d5
2026-08-07 20:25:11,431 INFO Sincronizacao externa concluida para loja f524fb7d-ce38-4661-b417-a8f425c3b850
2026-08-07 20:26:11,905 INFO Sincronizacao externa concluida para loja f3ff028b-94fd-4736-859c-5ad4023504d5
2026-08-07 20:26:12,323 INFO Sincronizacao externa concluida para loja f524fb7d-ce38-4661-b417-a8f425c3b850
2026-08-07 20:27:13,038 INFO Sincronizacao externa concluida para loja f3ff028b-94fd-4736-859c-5ad4023504d5
2026-08-07 20:27:13,473 INFO Sincronizacao externa concluida para loja f524fb7d-ce38-4661-b417-a8f425c3b850
2026-08-07 20:28:13,930 INFO Sincronizacao externa concluida para loja f3ff028b-94fd-4736-859c-5ad4023504d5
2026-08-07 20:28:14,329 INFO Sincronizacao externa concluida para loja f524fb7d-ce38-4661-b417-a8f425c3b850
2026-08-07 20:29:14,808 INFO Sincronizacao externa concluida para loja f3ff028b-94fd-4736-859c-5ad4023504d5
2026-08-07 20:29:15,306 INFO Sincronizacao externa concluida para loja f524fb7d-ce38-4661-b417-a8f425c3b850
2026-08-07 20:30:15,787 INFO Sincronizacao externa concluida para loja f3ff028b-94fd-4736-859c-5ad4023504d5
2026-08-07 20:30:16,201 INFO Sincronizacao externa concluida para loja f524fb7d-ce38-4661-b417-a8f425c3b850
2026-08-07 20:31:16,729 INFO Sincronizacao externa concluida para loja f3ff028b-94fd-4736-859c-5ad4023504d5
2026-08-07 20:31:17,250 INFO Sincronizacao externa concluida para loja f524fb7d-ce38-4661-b417-a8f425c3b850
2026-08-07 20:32:17,907 INFO Sincronizacao externa concluida para loja f3ff028b-94fd-4736-859c-5ad4023504d5
2026-08-07 20:32:18,334 INFO Sincronizacao externa concluida para loja f524fb7d-ce38-4661-b417-a8f425c3b850
2026-08-07 20:33:19,370 INFO Sincronizacao externa concluida para loja f3ff028b-94fd-4736-859c-5ad4023504d5
2026-08-07 20:33:19,765 INFO Sincronizacao externa concluida para loja f524fb7d-ce38-4661-b417-a8f425c3b850
2026-08-07 20:34:20,477 INFO Sincronizacao externa concluida para loja f3ff028b-94fd-4736-859c-5ad4023504d5
2026-08-07 20:34:20,897 INFO Sincronizacao externa concluida para loja f524fb7d-ce38-4661-b417-a8f425c3b850
2026-08-07 20:35:21,494 INFO Sincronizacao externa concluida para loja f3ff028b-94fd-4736-859c-5ad4023504d5
2026-08-07 20:35:21,926 INFO Sincronizacao externa concluida para loja f524fb7d-ce38-4661-b417-a8f425c3b850
2026-08-07 20:36:22,381 INFO Sincronizacao externa concluida para loja f3ff028b-94fd-4736-859c-5ad4023504d5
2026-08-07 20:36:22,800 INFO Sincronizacao externa concluida para loja f524fb7d-ce38-4661-b417-a8f425c3b850
2026-08-07 20:37:23,528 INFO Sincronizacao externa concluida para loja f3ff028b-94fd-4736-859c-5ad4023504d5
2026-08-07 20:37:23,931 INFO Sincronizacao externa concluida para loja f524fb7d-ce38-4661-b417-a8f425c3b850
2026-08-07 20:38:24,418 INFO Sincronizacao externa concluida para loja f3ff028b-94fd-4736-859c-5ad4023504d5
2026-08-07 20:38:24,812 INFO Sincronizacao externa concluida para loja f524fb7d-ce38-4661-b417-a8f425c3b850
2026-08-07 20:39:25,297 INFO Sincronizacao externa concluida para loja f3ff028b-94fd-4736-859c-5ad4023504d5
2026-08-07 20:39:25,876 INFO Sincronizacao externa concluida para loja f524fb7d-ce38-4661-b417-a8f425c3b850
2026-08-07 20:40:26,423 INFO Sincronizacao externa concluida para loja f3ff028b-94fd-4736-859c-5ad4023504d5
2026-08-07 20:40:26,883 INFO Sincronizacao externa concluida para loja f524fb7d-ce38-4661-b417-a8f425c3b850
2026-08-07 20:41:27,462 INFO Sincronizacao externa concluida para loja f3ff028b-94fd-4736-859c-5ad4023504d5
2026-08-07 20:41:27,895 INFO Sincronizacao externa concluida para loja f524fb7d-ce38-4661-b417-a8f425c3b850
2026-08-07 20:42:28,822 INFO Sincronizacao externa concluida para loja f3ff028b-94fd-4736-859c-5ad4023504d5
2026-08-07 20:42:29,332 INFO Sincronizacao externa concluida para loja f524fb7d-ce38-4661-b417-a8f425c3b850
2026-08-07 20:43:29,920 INFO Sincronizacao externa concluida para loja f3ff028b-94fd-4736-859c-5ad4023504d5
2026-08-07 20:43:30,348 INFO Sincronizacao externa concluida para loja f524fb7d-ce38-4661-b417-a8f425c3b850
2026-08-07 20:44:30,820 INFO Sincronizacao externa concluida para loja f3ff028b-94fd-4736-859c-5ad4023504d5
2026-08-07 20:44:31,270 INFO Sincronizacao externa concluida para loja f524fb7d-ce38-4661-b417-a8f425c3b850
2026-08-07 20:45:31,822 INFO Sincronizacao externa concluida para loja f3ff028b-94fd-4736-859c-5ad4023504d5
2026-08-07 20:45:32,263 INFO Sincronizacao externa concluida para loja f524fb7d-ce38-4661-b417-a8f425c3b850
2026-08-07 20:46:32,745 INFO Sincronizacao externa concluida para loja f3ff028b-94fd-4736-859c-5ad4023504d5
2026-08-07 20:46:33,125 INFO Sincronizacao externa concluida para loja f524fb7d-ce38-4661-b417-a8f425c3b850
2026-08-07 20:47:33,819 INFO Sincronizacao externa concluida para loja f3ff028b-94fd-4736-859c-5ad4023504d5
2026-08-07 20:47:34,254 INFO Sincronizacao externa concluida para loja f524fb7d-ce38-4661-b417-a8f425c3b850
2026-08-07 20:48:34,740 INFO Sincronizacao externa concluida para loja f3ff028b-94fd-4736-859c-5ad4023504d5
2026-08-07 20:48:35,170 INFO Sincronizacao externa concluida para loja f524fb7d-ce38-4661-b417-a8f425c3b850
2026-08-07 20:49:35,714 INFO Sincronizacao externa concluida para loja f3ff028b-94fd-4736-859c-5ad4023504d5
2026-08-07 20:49:36,124 INFO Sincronizacao externa concluida para loja f524fb7d-ce38-4661-b417-a8f425c3b850
2026-08-07 20:50:36,862 INFO Sincronizacao externa concluida para loja f3ff028b-94fd-4736-859c-5ad4023504d5
2026-08-07 20:50:37,319 INFO Sincronizacao externa concluida para loja f524fb7d-ce38-4661-b417-a8f425c3b850
2026-08-07 20:51:37,906 INFO Sincronizacao externa concluida para loja f3ff028b-94fd-4736-859c-5ad4023504d5
2026-08-07 20:51:38,341 INFO Sincronizacao externa concluida para loja f524fb7d-ce38-4661-b417-a8f425c3b850
2026-08-07 20:52:39,074 INFO Sincronizacao externa concluida para loja f3ff028b-94fd-4736-859c-5ad4023504d5
2026-08-07 20:52:39,493 INFO Sincronizacao externa concluida para loja f524fb7d-ce38-4661-b417-a8f425c3b850
2026-08-07 20:53:39,988 INFO Sincronizacao externa concluida para loja f3ff028b-94fd-4736-859c-5ad4023504d5
2026-08-07 20:53:40,448 INFO Sincronizacao externa concluida para loja f524fb7d-ce38-4661-b417-a8f425c3b850
2026-08-07 20:54:40,973 INFO Sincronizacao externa concluida para loja f3ff028b-94fd-4736-859c-5ad4023504d5
2026-08-07 20:54:41,427 INFO Sincronizacao externa concluida para loja f524fb7d-ce38-4661-b417-a8f425c3b850
2026-08-07 20:55:41,997 INFO Sincronizacao externa concluida para loja f3ff028b-94fd-4736-859c-5ad4023504d5
2026-08-07 20:55:42,411 INFO Sincronizacao externa concluida para loja f524fb7d-ce38-4661-b417-a8f425c3b850
2026-08-07 20:56:42,977 INFO Sincronizacao externa concluida para loja f3ff028b-94fd-4736-859c-5ad4023504d5
2026-08-07 20:56:43,425 INFO Sincronizacao externa concluida para loja f524fb7d-ce38-4661-b417-a8f425c3b850
2026-08-07 20:57:44,087 INFO Sincronizacao externa concluida para loja f3ff028b-94fd-4736-859c-5ad4023504d5
2026-08-07 20:57:44,518 INFO Sincronizacao externa concluida para loja f524fb7d-ce38-4661-b417-a8f425c3b850
2026-08-07 20:58:44,999 INFO Sincronizacao externa concluida para loja f3ff028b-94fd-4736-859c-5ad4023504d5
2026-08-07 20:58:45,443 INFO Sincronizacao externa concluida para loja f524fb7d-ce38-4661-b417-a8f425c3b850
2026-08-07 20:59:45,898 INFO Sincronizacao externa concluida para loja f3ff028b-94fd-4736-859c-5ad4023504d5
2026-08-07 20:59:46,285 INFO Sincronizacao externa concluida para loja f524fb7d-ce38-4661-b417-a8f425c3b850
2026-08-07 21:00:46,801 INFO Sincronizacao externa concluida para loja f3ff028b-94fd-4736-859c-5ad4023504d5
2026-08-07 21:00:47,238 INFO Sincronizacao externa concluida para loja f524fb7d-ce38-4661-b417-a8f425c3b850
2026-08-07 21:01:47,951 INFO Sincronizacao externa concluida para loja f3ff028b-94fd-4736-859c-5ad4023504d5
2026-08-07 21:01:48,550 INFO Sincronizacao externa concluida para loja f524fb7d-ce38-4661-b417-a8f425c3b850
2026-08-07 21:02:49,287 INFO Sincronizacao externa concluida para loja f3ff028b-94fd-4736-859c-5ad4023504d5
2026-08-07 21:02:49,785 INFO Sincronizacao externa concluida para loja f524fb7d-ce38-4661-b417-a8f425c3b850
2026-08-07 21:03:50,384 INFO Sincronizacao externa concluida para loja f3ff028b-94fd-4736-859c-5ad4023504d5
2026-08-07 21:03:50,909 INFO Sincronizacao externa concluida para loja f524fb7d-ce38-4661-b417-a8f425c3b850
2026-08-07 21:04:51,409 INFO Sincronizacao externa concluida para loja f3ff028b-94fd-4736-859c-5ad4023504d5
2026-08-07 21:04:51,952 INFO Sincronizacao externa concluida para loja f524fb7d-ce38-4661-b417-a8f425c3b850
2026-08-07 21:05:52,498 INFO Sincronizacao externa concluida para loja f3ff028b-94fd-4736-859c-5ad4023504d5
2026-08-07 21:05:52,939 INFO Sincronizacao externa concluida para loja f524fb7d-ce38-4661-b417-a8f425c3b850
2026-08-07 21:06:53,528 INFO Sincronizacao externa concluida para loja f3ff028b-94fd-4736-859c-5ad4023504d5
2026-08-07 21:06:54,011 INFO Sincronizacao externa concluida para loja f524fb7d-ce38-4661-b417-a8f425c3b850
2026-08-07 21:07:54,977 INFO Sincronizacao externa concluida para loja f3ff028b-94fd-4736-859c-5ad4023504d5
2026-08-07 21:07:55,375 INFO Sincronizacao externa concluida para loja f524fb7d-ce38-4661-b417-a8f425c3b850
2026-08-07 21:08:56,458 INFO Sincronizacao externa concluida para loja f3ff028b-94fd-4736-859c-5ad4023504d5
2026-08-07 21:08:57,000 INFO Sincronizacao externa concluida para loja f524fb7d-ce38-4661-b417-a8f425c3b850
2026-08-07 21:09:57,683 INFO Sincronizacao externa concluida para loja f3ff028b-94fd-4736-859c-5ad4023504d5
2026-08-07 21:09:58,252 INFO Sincronizacao externa concluida para loja f524fb7d-ce38-4661-b417-a8f425c3b850
2026-08-07 21:10:59,181 INFO Sincronizacao externa concluida para loja f3ff028b-94fd-4736-859c-5ad4023504d5
2026-08-07 21:10:59,668 INFO Sincronizacao externa concluida para loja f524fb7d-ce38-4661-b417-a8f425c3b850
2026-08-07 21:12:00,206 INFO Sincronizacao externa concluida para loja f3ff028b-94fd-4736-859c-5ad4023504d5
2026-08-07 21:12:00,849 INFO Sincronizacao externa concluida para loja f524fb7d-ce38-4661-b417-a8f425c3b850
2026-08-07 21:13:02,384 INFO Sincronizacao externa concluida para loja f3ff028b-94fd-4736-859c-5ad4023504d5
2026-08-07 21:13:02,856 INFO Sincronizacao externa concluida para loja f524fb7d-ce38-4661-b417-a8f425c3b850
2026-08-07 21:14:03,510 INFO Sincronizacao externa concluida para loja f3ff028b-94fd-4736-859c-5ad4023504d5
2026-08-07 21:14:03,990 INFO Sincronizacao externa concluida para loja f524fb7d-ce38-4661-b417-a8f425c3b850
2026-08-07 21:15:05,306 INFO Sincronizacao externa concluida para loja f3ff028b-94fd-4736-859c-5ad4023504d5
2026-08-07 21:15:05,820 INFO Sincronizacao externa concluida para loja f524fb7d-ce38-4661-b417-a8f425c3b850
2026-08-07 21:16:06,391 INFO Sincronizacao externa concluida para loja f3ff028b-94fd-4736-859c-5ad4023504d5
2026-08-07 21:16:06,852 INFO Sincronizacao externa concluida para loja f524fb7d-ce38-4661-b417-a8f425c3b850
2026-08-07 21:17:08,008 INFO Sincronizacao externa concluida para loja f3ff028b-94fd-4736-859c-5ad4023504d5
2026-08-07 21:17:08,509 INFO Sincronizacao externa concluida para loja f524fb7d-ce38-4661-b417-a8f425c3b850
2026-08-07 21:18:09,269 INFO Sincronizacao externa concluida para loja f3ff028b-94fd-4736-859c-5ad4023504d5
2026-08-07 21:18:09,781 INFO Sincronizacao externa concluida para loja f524fb7d-ce38-4661-b417-a8f425c3b850
2026-08-07 21:19:10,833 INFO Sincronizacao externa concluida para loja f3ff028b-94fd-4736-859c-5ad4023504d5
2026-08-07 21:19:11,354 INFO Sincronizacao externa concluida para loja f524fb7d-ce38-4661-b417-a8f425c3b850
2026-08-07 21:20:11,980 INFO Sincronizacao externa concluida para loja f3ff028b-94fd-4736-859c-5ad4023504d5
2026-08-07 21:20:12,477 INFO Sincronizacao externa concluida para loja f524fb7d-ce38-4661-b417-a8f425c3b850
2026-08-07 21:21:13,532 INFO Sincronizacao externa concluida para loja f3ff028b-94fd-4736-859c-5ad4023504d5
2026-08-07 21:21:13,983 INFO Sincronizacao externa concluida para loja f524fb7d-ce38-4661-b417-a8f425c3b850
2026-08-07 21:22:14,545 INFO Sincronizacao externa concluida para loja f3ff028b-94fd-4736-859c-5ad4023504d5
2026-08-07 21:22:14,993 INFO Sincronizacao externa concluida para loja f524fb7d-ce38-4661-b417-a8f425c3b850
2026-08-07 21:23:16,131 INFO Sincronizacao externa concluida para loja f3ff028b-94fd-4736-859c-5ad4023504d5
2026-08-07 21:23:16,553 INFO Sincronizacao externa concluida para loja f524fb7d-ce38-4661-b417-a8f425c3b850
